ir;vou
ser;sou
fazer;faço
amar;amo
estar;estou
ver;vejo
vir;venho
ter;tenho
poder;posso
dar;dou
haver;hei
partir;parto
comer;como
pôr;ponho
dizer;digo
estudar;estudo
falar;falo
cantar;canto
rir;rio
sair;saio
querer;quero
trazer;trago
vender;vendo
beber;bebo
correr;corro
ler;leio
saber;sei
sorrir;sorrio
dormir;durmo
sentir;sinto
agir;ajo
andar;ando
escrever;escrevo
brincar;brinco
gostar;gosto
ouvir;ouço
corrigir;corrijo
pedir;peço
chegar;chego
jogar;jogo
caber;caibo
receber;recebo
dançar;danço
ficar;fico
pensar;penso
chamar;chamo
crer;creio
abrir;abro
manter;mantenho
expor;exponho
encontrar;encontro
lembrar;lembro
cair;caio
nascer;nasço
começar;começo
aprender;aprendo
conseguir;consigo
intervir;intervenho
conhecer;conheço
viver;vivo
perder;perco
comprar;compro
usar;uso
pular;pulo
viajar;viajo
voar;voo
passear;passeio
dividir;divido
trabalhar;trabalho
voltar;volto
dirigir;dirijo
subir;subo
levar;levo
dever;devo
proteger;protejo
entender;entendo
compor;componho
parar;paro
achar;acho
olhar;olho
passar;passo
cumprir;cumpro
seguir;sigo
colocar;coloco
fugir;fujo
imprimir;imprimo
assistir;assisto
deixar;deixo
precisar;preciso
medir;meço
acordar;acordo
tossir;tusso
conversar;converso
procurar;procuro
mexer;mexo
fingir;finjo
esquecer;esqueço
desejar;desejo
lavar;lavo
esperar;espero
atender;atendo
mandar;mando
valer;valho
morar;moro
sumir;sumo
chorar;choro
bater;bato
almoçar;almoço
avisar;aviso
contar;conto
participar;participo
fechar;fecho
acontecer;aconteço
nadar;nado
dispor;disponho
mentir;minto
descer;desço
prover;provejo
entrar;entro
caminhar;caminho
desistir;desisto
;possuo
pegar;pego
convidar;convido
vestir;visto
ganhar;ganho
agradecer;agradeço
sonhar;sonho
buscar;busco
mudar;mudo
sentar;sento
continuar;continuo
adquirir;adquiro
ferir;firo
acabar;acabo
ajudar;ajudo
julgar;julgo
tomar;tomo
entreter;entretenho
;requeiro
pagar;pago
morrer;morro
encher;encho
escolher;escolho
excluir;excluo
realizar;realizo
existir;existo
divertir;divirto
propor;proponho
apresentar;apresento
permitir;permito
preferir;prefiro
servir;sirvo
informar;informo
chover;chovo
beijar;beijo
ligar;ligo
decidir;decido
parecer;pareço
vencer;venço
conter;contenho
descobrir;descubro
casar;caso
construir;construo
sofrer;sofro
conjugar;conjugo
prever;prevejo
levantar;levanto
repetir;repito
aproveitar;aproveito
tornar;torno
surgir;surjo
permanecer;permaneço
gritar;grito
zoar;zoo
ensinar;ensino
aparecer;apareço
respeitar;respeito
preocupar;preocupo
discutir;discuto
mostrar;mostro
encaminhar;encaminho
crescer;cresço
marcar;marco
odiar;odeio
ceder;cedo
rever;revejo
destruir;destruo
ingerir;ingiro
imaginar;imagino
tentar;tento
entregar;entrego
enviar;envio
responder;respondo
oferecer;ofereço
salvar;salvo
aguardar;aguardo
deter;detenho
compreender;compreendo
cortar;corto
exercer;exerço
merecer;mereço
tirar;tiro
limpar;limpo
compartilhar;compartilho
varrer;varro
aceitar;aceito
plantar;planto
perguntar;pergunto
repor;reponho
terminar;termino
atrair;atraio
polir;pulo
iniciar;inicio
garantir;garanto
observar;observo
adequar;adéquo
prender;prendo
aderir;adiro
perceber;percebo
analisar;analiso
reter;retenho
incluir;incluo
acompanhar;acompanho
provir;provenho
ocorrer;ocorro
satisfazer;satisfaço
acreditar;acredito
criar;crio
perdoar;perdoo
educar;educo
alcançar;alcanço
resolver;resolvo
pintar;pinto
feder;fedo
copiar;copio
matar;mato
pentear;penteio
expressar;expresso
arrumar;arrumo
indicar;indico
resistir;resisto
curtir;curto
produzir;produzo
calar;calo
convir;convenho
apagar;apago
refletir;reflito
visitar;visito
esconder;escondo
confundir;confundo
repartir;reparto
acender;acendo
cobrir;cubro
obter;obtenho
escutar;escuto
insistir;insisto
considerar;considero
impor;imponho
comparecer;compareço
distrair;distraio
quebrar;quebro
despedir;despeço
tocar;toco
emitir;emito
cuspir;cuspo
lançar;lanço
orientar;oriento
honrar;honro
defender;defendo
retirar;retiro
separar;separo
atrasar;atraso
conduzir;conduzo
guardar;guardo
deitar;deito
preparar;preparo
adorar;adoro
negar;nego
virar;viro
explicar;explico
colher;colho
semear;semeio
invadir;invado
aproximar;aproximo
cuidar;cuido
puxar;puxo
errar;erro
lambuzar;lambuzo
formar;formo
lidar;lido
namorar;namoro
juntar;junto
enganar;engano
prometer;prometo
reclamar;reclamo
ansiar;anseio
banhar;banho
prestar;presto
proporcionar;proporciono
obedecer;obedeço
cozinhar;cozinho
lutar;luto
reunir;reúno
doar;doo
desenvolver;desenvolvo
supor;suponho
reconhecer;reconheço
reger;rejo
conquistar;conquisto
importar;importo
vomitar;vomito
cometer;cometo
aplicar;aplico
escovar;escovo
evitar;evito
cheirar;cheiro
perseguir;persigo
afastar;afasto
abraçar;abraço
faltar;falto
distinguir;distingo
alegrar;alegro
despir;dispo
saborear;saboreio
roubar;roubo
engolir;engulo
diminuir;diminuo
pretender;pretendo
unir;uno
mover;movo
jantar;janto
recear;receio
demorar;demoro
atingir;atinjo
utilizar;utilizo
aguar;águo
abandonar;abandono
telefonar;telefono
surpreender;surpreendo
extrair;extraio
concordar;concordo
descansar;descanso
queimar;queimo
concluir;concluo
animar;animo
causar;causo
optar;opto
acostumar;acostumo
desenhar;desenho
provar;provo
desocupar;desocupo
competir;compito
refazer;refaço
ignorar;ignoro
morder;mordo
adivinhar;adivinho
presentear;presenteio
confirmar;confirmo
contribuir;contribuo
basear;baseio
atravessar;atravesso
suar;suo
emprestar;empresto
trocar;troco
segurar;seguro
dedicar;dedico
devolver;devolvo
gastar;gasto
arranjar;arranjo
exigir;exijo
apanhar;apanho
gemer;gemo
sugerir;sugiro
representar;represento
instruir;instruo
tratar;trato
comunicar;comunico
fumar;fumo
apoiar;apoio
transformar;transformo
praticar;pratico
encerrar;encerro
punir;puno
constituir;constituo
opor;oponho
render;rendo
efetuar;efetuo
cagar;cago
atribuir;atribuo
definir;defino
parabenizar;parabenizo
substituir;substituo
iluminar;ilumino
desfazer;desfaço
superar;supero
escorrer;escorro
confiar;confio
perturbar;perturbo
assumir;assumo
escanear;escaneio
publicar;publico
divulgar;divulgo
mediar;medeio
magoar;magoo
percorrer;percorro
consumir;consumo
agredir;agrido
notar;noto
impedir;impeço
alterar;altero
agradar;agrado
festejar;festejo
louvar;louvo
conviver;convivo
aquecer;aqueço
erguer;ergo
reagir;reajo
proibir;proíbo
recolher;recolho
saltar;salto
obrigar;obrigo
duvidar;duvido
encarar;encaro
prescindir;prescindo
focar;foco
fornecer;forneço
falhar;falho
amarrar;amarro
anunciar;anuncio
fortalecer;fortaleço
dominar;domino
apreciar;aprecio
bastar;basto
renovar;renovo
bloquear;bloqueio
montar;monto
roer;roo
frear;freio
acrescentar;acrescento
prevenir;previno
socorrer;socorro
torcer;torço
desaparecer;desapareço
aplaudir;aplaudo
prezar;prezo
meter;meto
manifestar;manifesto
livrar;livro
eleger;elejo
ocupar;ocupo
comemorar;comemoro
caçar;caço
pesquisar;pesquiso
expandir;expando
avançar;avanço
afirmar;afirmo
retornar;retorno
tender;tendo
inverter;inverto
explodir;explodo
combater;combato
convencer;convenço
gozar;gozo
trair;traio
soltar;solto
controlar;controlo
depor;deponho
temer;temo
necessitar;necessito
consertar;conserto
remediar;remedeio
adormecer;adormeço
inspirar;inspiro
empurrar;empurro
demonstrar;demonstro
carregar;carrego
averiguar;averiguo
pescar;pesco
promover;promovo
abster;abstenho
avistar;avisto
assinar;assino
auxiliar;auxilio
acertar;acerto
identificar;identifico
adicionar;adiciono
tecer;teço
deslocar;desloco
parir;pairo
ultrapassar;ultrapasso
abençoar;abençoo
completar;completo
submeter;submeto
advir;advenho
jazer;jazo
resumir;resumo
traduzir;traduzo
brigar;brigo
respirar;respiro
fixar;fixo
cobrar;cobro
conferir;confiro
incendiar;incendeio
melhorar;melhoro
estimular;estimulo
comparar;comparo
inserir;insiro
distribuir;distribuo
preencher;preencho
tremer;tremo
saciar;sacio
nutrir;nutro
moer;moo
confessar;confesso
maquiar;maquio
organizar;organizo
iludir;iludo
infartar;infarto
inventar;invento
curar;curo
calcular;calculo
romper;rompo
cansar;canso
recuperar;recupero
colaborar;colaboro
repolir;repolo
comprovar;comprovo
verificar;verifico
reservar;reservo
aumentar;aumento
suprir;supro
empoderar;empodero
integrar;integro
variar;vario
orar;oro
cercar;cerco
disfarçar;disfarço
ladrar;ladro
instalar;instalo
folhear;folheio
declarar;declaro
treinar;treino
nomear;nomeio
aprovar;aprovo
pisar;piso
reduzir;reduzo
desculpar;desculpo
apertar;aperto
assar;asso
comentar;comento
transpor;transponho
gerar;gero
cultivar;cultivo
cessar;cesso
enjoar;enjoo
descrever;descrevo
contradizer;contradigo
contactar;contacto
transmitir;transmito
regressar;regresso
anoitecer;anoiteço
libertar;liberto
admitir;admito
combinar;combino
vigiar;vigio
abordar;abordo
rodar;rodo
suceder;sucedo
significar;significo
custar;custo
interessar;interesso
bailar;bailo
apaixonar;apaixono
soar;soo
sossegar;sossego
recorrer;recorro
chupar;chupo
solicitar;solicito
amanhecer;amanheço
intermediar;intermedeio
alugar;alugo
agarrar;agarro
planejar;planejo
traçar;traço
colar;colo
negociar;negocio
acudir;acudo
pertencer;pertenço
consentir;consinto
estrear;estreio
atualizar;atualizo
introduzir;introduzo
girar;giro
cumprimentar;cumprimento
durar;duro
lamber;lambo
admirar;admiro
estender;estendo
associar;associo
acessar;acesso
imitar;imito
pronunciar;pronuncio
desanimar;desanimo
rezar;rezo
rogar;rogo
possibilitar;possibilito
ranger;ranjo
cear;ceio
corresponder;correspondo
sugar;sugo
envolver;envolvo
evoluir;evoluo
enxergar;enxergo
bocejar;bocejo
costumar;costumo
caracterizar;caracterizo
remover;removo
suportar;suporto
pousar;pouso
enterrar;enterro
reciprocar;reciproco
enxaguar;enxáguo
comprazer;comprazo
investir;invisto
secar;seco
relacionar;relaciono
viger;vijo
extinguir;extingo
engordar;engordo
advertir;advirto
exprimir;exprimo
despejar;despejo
enfrentar;enfrento
queixar;queixo
eximir;eximo
baixar;baixo
providenciar;providencio
transferir;transfiro
ferver;fervo
visar;viso
avaliar;avalio
investigar;investigo
soprar;sopro
sacudir;sacudo
determinar;determino
renascer;renasço
ordenar;ordeno
frigir;frijo
referir;refiro
despertar;desperto
retribuir;retribuo
escorregar;escorrego
bulir;bulo
poupar;poupo
embarcar;embarco
poluir;poluo
simpatizar;simpatizo
machucar;machuco
uivar;uivo
contatar;contato
preservar;preservo
peidar;peido
governar;governo
inscrever;inscrevo
pleitear;pleiteio
atuar;atuo
deduzir;deduzo
homenagear;homenageio
saudar;saúdo
funcionar;funciono
molhar;molho
lamentar;lamento
patinar;patino
prestigiar;prestigio
estremecer;estremeço
vulgar;vulgo
estressar;estresso
circular;circulo
alimentar;alimento
estabelecer;estabeleço
misturar;misturo
suspender;suspendo
atacar;ataco
esforçar;esforço
provocar;provoco
pregar;prego
amassar;amasso
assustar;assusto
mirar;miro
subtrair;subtraio
revelar;revelo
desligar;desligo
esclarecer;esclareço
arranhar;arranho
chutar;chuto
ampliar;amplio
encantar;encanto
incomodar;incomodo
chatear;chateio
resultar;resulto
indagar;indago
progredir;progrido
transportar;transporto
debater;debato
transbordar;transbordo
decepcionar;decepciono
abaixar;abaixo
brilhar;brilho
rolar;rolo
premiar;premio
tragar;trago
antever;antevejo
alertar;alerto
equivaler;equivalho
fritar;frito
alegar;alego
sustentar;sustento
conceder;concedo
adotar;adoto
empregar;emprego
empenhar;empenho
ater;atenho
botar;boto
vozear;vozeio
concentrar;concentro
balançar;balanço
atirar;atiro
exibir;exibo
xingar;xingo
sujar;sujo
debruçar;debruço
guiar;guio
desfrutar;desfruto
atrapalhar;atrapalho
colecionar;coleciono
mergulhar;mergulho
converter;converto
consolar;consolo
regar;rego
proceder;procedo
aguentar;aguento
sobrevir;sobrevenho
depender;dependo
arguir;arguo
rugir;rujo
enxugar;enxugo
experimentar;experimento
trancar;tranco
cozer;cozo
prosseguir;prossigo
confeccionar;confecciono
acalmar;acalmo
titubear;titubeio
ressarcir;ressarço
prejudicar;prejudico
diferir;difiro
derrubar;derrubo
conservar;conservo
condizer;condigo
regular;regulo
arder;ardo
registrar;registro
recomendar;recomendo
clarear;clareio
acolher;acolho
valorizar;valorizo
nevar;nevo
arrasar;arraso
calcar;calco
expulsar;expulso
recordar;recordo
votar;voto
interromper;interrompo
acenar;aceno
repreender;repreendo
envergonhar;envergonho
assinalar;assinalo
revisar;reviso
executar;executo
consultar;consulto
repassar;repasso
piscar;pisco
celebrar;celebro
contratar;contrato
gerir;giro
lanchar;lancho
viciar;vicio
incentivar;incentivo
postar;posto
influenciar;influencio
computar;computo
editar;edito
recuar;recuo
criticar;critico
conectar;conecto
abranger;abranjo
usufruir;usufruo
farejar;farejo
elogiar;elogio
fiar;fio
vagar;vago
adiar;adio
questionar;questiono
marchar;marcho
movimentar;movimento
olvidar;olvido
volver;volvo
prescrever;prescrevo
localizar;localizo
limitar;limito
adaptar;adapto
isolar;isolo
liberar;libero
complementar;complemento
conformar;conformo
omitir;omito
conceber;concebo
acelerar;acelero
mobiliar;mobílio
ajoelhar;ajoelho
conscientizar;conscientizo
anexar;anexo
reparar;reparo
espantar;espanto
emergir;emerjo
espalhar;espalho
aliviar;alivio
ocultar;oculto
reprovar;reprovo
finalizar;finalizo
atar;ato
citar;cito
encostar;encosto
classificar;classifico
assegurar;asseguro
irritar;irrito
designar;designo
somar;somo
ofender;ofendo
interferir;interfiro
relaxar;relaxo
catar;cato
sobreviver;sobrevivo
envelhecer;envelheço
redigir;redijo
mastigar;mastigo
amostrar;amostro
destacar;destaco
apontar;aponto
derreter;derreto
cantarolar;cantarolo
desbloquear;desbloqueio
ventar;vento
incidir;incido
amparar;amparo
firmar;firmo
tolher;tolho
cancelar;cancelo
instituir;instituo
frequentar;frequento
emagrecer;emagreço
gravar;gravo
decompor;decomponho
desviar;desvio
apaziguar;apaziguo
restar;resto
examinar;examino
pesar;peso
aconselhar;aconselho
trovejar;trovejo
espancar;espanco
apreender;apreendo
irradiar;irradio
aspirar;aspiro
boiar;boio
escapar;escapo
contrapor;contraponho
economizar;economizo
fartar;farto
convocar;convoco
conciliar;concilio
preguiçar;preguiço
implicar;implico
contemplar;contemplo
suprimir;suprimo
largar;largo
exercitar;exercito
relatar;relato
demitir;demito
arrancar;arranco
velar;velo
visualizar;visualizo
incorporar;incorporo
transar;transo
comprometer;comprometo
fundamentar;fundamento
recusar;recuso
inaugurar;inauguro
desempenhar;desempenho
cruzar;cruzo
censurar;censuro
capturar;capturo
afetar;afeto
difundir;difundo
compartir;comparto
excitar;excito
posicionar;posiciono
arquivar;arquivo
persistir;persisto
raspar;raspo
ofertar;oferto
sacrificar;sacrifico
jurar;juro
transitar;transito
navegar;navego
disponibilizar;disponibilizo
pasmar;pasmo
denunciar;denuncio
pingar;pingo
pender;pendo
remeter;remeto
fluir;fluo
processar;processo
reinar;reino
rechaçar;rechaço
habitar;habito
entupir;entupo
divergir;divirjo
desavir;desavenho
endereçar;endereço
reenviar;reenvio
digerir;digiro
estragar;estrago
tingir;tinjo
benzer;benzo
abastecer;abasteço
dispensar;dispenso
direcionar;direciono
aborrecer;aborreço
suspeitar;suspeito
encolher;encolho
autorizar;autorizo
facilitar;facilito
revoltar;revolto
calçar;calço
apostar;aposto
forçar;forço
absorver;absorvo
partilhar;partilho
oprimir;oprimo
manusear;manuseio
vaguear;vagueio
elaborar;elaboro
alisar;aliso
espirrar;espirro
sortear;sorteio
explorar;exploro
espreitar;espreito
cavar;cavo
fitar;fito
desperdiçar;desperdiço
salientar;saliento
proclamar;proclamo
ilustrar;ilustro
contornar;contorno
dissuadir;dissuado
sequestrar;sequestro
apropriar;aproprio
interrogar;interrogo
abstrair;abstraio
ameaçar;ameaço
hesitar;hesito
decorar;decoro
favorecer;favoreço
persuadir;persuado
pecar;peco
ensaiar;ensaio
florescer;floresço
dobrar;dobro
expelir;expilo
interpor;interponho
desmanchar;desmancho
arruinar;arruíno
priorizar;priorizo
abater;abato
convergir;convirjo
anotar;anoto
enfeitar;enfeito
afligir;aflijo
ingressar;ingresso
recompor;recomponho
apressar;apresso
pressupor;pressuponho
sobrepor;sobreponho
fabricar;fabrico
desmoronar;desmorono
encaixar;encaixo
sussurrar;sussurro
restaurar;restauro
motivar;motivo
espiar;espio
modificar;modifico
adoecer;adoeço
interpretar;interpreto
emocionar;emociono
murmurar;murmuro
afrontar;afronto
constranger;constranjo
devorar;devoro
cadastrar;cadastro
vivenciar;vivencio
sobrar;sobro
enrolar;enrolo
selecionar;seleciono
almejar;almejo
declinar;declino
coar;coo
esquentar;esquento
aventurar;aventuro
testar;testo
ajuntar;ajunto
angustiar;angustio
delinquir;delínquo
furar;furo
berrar;berro
refugiar;refugio
quedar;quedo
gelar;gelo
implantar;implanto
inquietar;inquieto
acusar;acuso
depositar;deposito
presenciar;presencio
estourar;estouro
deslizar;deslizo
viabilizar;viabilizo
denominar;denomino
agendar;agendo
encarregar;encarrego
rasgar;rasgo
falecer;faleço
escurecer;escureço
desmaiar;desmaio
entrevistar;entrevisto
solucionar;soluciono
justificar;justifico
submergir;submerjo
culpar;culpo
resgatar;resgato
desafiar;desafio
abanar;abano
aperfeiçoar;aperfeiçoo
suicidar;suicido
tropeçar;tropeço
protestar;protesto
costurar;costuro
ajeitar;ajeito
irar;iro
desembarcar;desembarco
transgredir;transgrido
cativar;cativo
suspirar;suspiro
cursar;curso
embrulhar;embrulho
arrastar;arrasto
estacionar;estaciono
miar;mio
assaltar;assalto
arrepender;arrependo
irromper;irrompo
atentar;atento
pulsar;pulso
embalar;embalo
checar;checo
desconsiderar;desconsidero
aterrissar;aterrisso
desobedecer;desobedeço
picar;pico
residir;resido
consistir;consisto
narrar;narro
ousar;ouso
tacar;taco
amadurecer;amadureço
agitar;agito
entrever;entrevejo
silenciar;silencio
indispor;indisponho
coser;coso
penar;peno
chantagear;chantageio
ensaboar;ensaboo
influir;influo
mencionar;menciono
teimar;teimo
condenar;condeno
transparecer;transpareço
oportunizar;oportunizo
exemplificar;exemplifico
reproduzir;reproduzo
abdicar;abdico
concorrer;concorro
comportar;comporto
adiantar;adianto
gustar;gusto
atropelar;atropelo
manejar;manejo
contrair;contraio
estimar;estimo
mapear;mapeio
desconfiar;desconfio
formular;formulo
restringir;restrinjo
sortir;surto
fotografar;fotografo
obstruir;obstruo
sintonizar;sintonizo
vislumbrar;vislumbro
arriscar;arrisco
trepar;trepo
fuçar;fuço
aniquilar;aniquilo
bagunçar;bagunço
sarar;saro
renunciar;renuncio
aperceber;apercebo
perpassar;perpasso
antepor;anteponho
remar;remo
erradicar;erradico
seduzir;seduzo
luzir;luzo
recepcionar;recepciono
desdizer;desdigo
coçar;coço
corroer;corroo
arremessar;arremesso
imergir;imerjo
minguar;minguo
testemunhar;testemunho
contestar;contesto
humilhar;humilho
enriquecer;enriqueço
sintetizar;sintetizo
disputar;disputo
corromper;corrompo
equilibrar;equilibro
findar;findo
mijar;mijo
vaiar;vaio
desprezar;desprezo
popularizar;popularizo
notificar;notifico
constar;consto
isentar;isento
brindar;brindo
preterir;pretiro
podar;podo
agilizar;agilizo
denegrir;denigro
reforçar;reforço
pestanejar;pestanejo
apartar;aparto
diferenciar;diferencio
palpitar;palpito
incorrer;incorro
derramar;derramo
esticar;estico
derivar;derivo
reciclar;reciclo
rechear;recheio
instaurar;instauro
operar;opero
alfabetizar;alfabetizo
naufragar;naufrago
ascender;ascendo
militar;milito
arriar;arrio
felicitar;felicito
reconstruir;reconstruo
relembrar;relembro
rodear;rodeio
especular;especulo
taxar;taxo
proferir;profiro
eliminar;elimino
ativar;ativo
alvorecer;alvoreço
esvair;esvaio
poer;poo
pastar;pasto
interpelar;interpelo
batizar;batizo
estranhar;estranho
agregar;agrego
enaltecer;enalteço
projetar;projeto
programar;programo
urrar;urro
perfazer;perfaço
inclinar;inclino
discordar;discordo
abracar;abraco
interver;intervejo
expedir;expeço
retardar;retardo
desferir;desfiro
mamar;mamo
espertar;esperto
validar;valido
quicar;quico
armar;armo
contrariar;contrario
esfregar;esfrego
apor;aponho
vacinar;vacino
deparar;deparo
infringir;infrinjo
confortar;conforto
regalar;regalo
enforcar;enforco
espremer;espremo
exagerar;exagero
assentir;assinto
recomeçar;recomeço
galgar;galgo
compelir;compilo
descrer;descreio
encomendar;encomendo
suster;sustenho
cegar;cego
decorrer;decorro
frisar;friso
menear;meneio
ressuscitar;ressuscito
cocar;coco
intender;intendo
condoer;condoo
apurar;apuro
delatar;delato
orgulhar;orgulho
piorar;pioro
escusar;escuso
herdar;herdo
aferir;afiro
calhar;calho
abalar;abalo
furtar;furto
perecer;pereço
cambiar;cambio
sacar;saco
verbalizar;verbalizo
amarelecer;amareleço
predispor;predisponho
reiterar;reitero
segredar;segredo
acercar;acerco
emudecer;emudeço
zangar;zango
aprimorar;aprimoro
pelejar;pelejo
retomar;retomo
emigrar;emigro
encorajar;encorajo
sonar;sono
alongar;alongo
troçar;troço
elevar;elevo
jugar;jugo
pressionar;pressiono
triunfar;triunfo
abusar;abuso
descartar;descarto
despedaçar;despedaço
inutilizar;inutilizo
atear;ateio
decepar;decepo
desaguar;deságuo
indignar;indigno
opinar;opino
abrigar;abrigo
ressaltar;ressalto
inundar;inundo
aportar;aporto
constatar;constato
mangar;mango
redimir;redimo
dispersar;disperso
dialogar;dialogo
aprontar;apronto
articular;articulo
capitular;capitulo
descolar;descolo
riscar;risco
administrar;administro
predizer;predigo
apitar;apito
escalar;escalo
responsabilizar;responsabilizo
manjar;manjo
reverter;reverto
arrefecer;arrefeço
impressionar;impressiono
induzir;induzo
extravasar;extravaso
espumar;espumo
acomodar;acomodo
rondar;rondo
implorar;imploro
recortar;recorto
ondular;ondulo
enfiar;enfio
concertar;concerto
elencar;elenco
roncar;ronco
devir;devenho
multiplicar;multiplico
resmungar;resmungo
beneficiar;beneficio
vergar;vergo
acariciar;acaricio
exasperar;exaspero
derrotar;derroto
detestar;detesto
sanar;sano
caiar;caio
entristecer;entristeço
evidenciar;evidencio
malhar;malho
adular;adulo
cerzir;cirzo
desconhecer;desconheço
castigar;castigo
disparar;disparo
erigir;erijo
portar;porto
tagarelar;tagarelo
reviver;revivo
dourar;douro
fundir;fundo
hastear;hasteio
assobiar;assobio
quitar;quito
afogar;afogo
exclamar;exclamo
rejeitar;rejeito
intimar;intimo
privar;privo
ajustar;ajusto
patrocinar;patrocino
peneirar;peneiro
relampejar;relampejo
moldar;moldo
desatar;desato
exceder;excedo
congelar;congelo
hospedar;hospedo
almorçar;almorço
dissolver;dissolvo
restituir;restituo
monitorar;monitoro
topar;topo
paralisar;paraliso
impactar;impacto
esbarrar;esbarro
vingar;vingo
absolver;absolvo
revir;revenho
apiedar;apiedo
povoar;povoo
tutelar;tutelo
acarretar;acarreto
enlouquecer;enlouqueço
compensar;compenso
concretizar;concretizo
manchar;mancho
pendurar;penduro
fundar;fundo
trajar;trajo
gear;geio
acionar;aciono
abarcar;abarco
trincar;trinco
reprimir;reprimo
bendizer;bendigo
vibrar;vibro
martelar;martelo
aliar;alio
fantasiar;fantasio
baralhar;baralho
interceder;intercedo
altear;alteio
caçoar;caçoo
tencionar;tenciono
invejar;invejo
denotar;denoto
empatar;empato
acumular;acumulo
encaixotar;encaixoto
retorcer;retorço
descortinar;descortino
coincidir;coincido
vendar;vendo
enunciar;enuncio
capacitar;capacito
alojar;alojo
assoar;assoo
desabrochar;desabrocho
latejar;latejo
maldizer;maldigo
nortear;norteio
murchar;murcho
vazar;vazo
entardecer;entardeço
grampear;grampeio
esvaziar;esvazio
suplicar;suplico
alevantar;alevanto
ciciar;cicio
surtir;surto
aditar;adito
reivindicar;reivindico
comover;comovo
esvoaçar;esvoaço
inculcar;inculco
faiscar;faísco
apetecer;apeteço
acarinhar;acarinho
embeber;embebo
maltratar;maltrato
zelar;zelo
pairar;pairo
arcar;arco
tosquiar;tosquio
brotar;broto
matricular;matriculo
carecer;careço
exaltar;exalto
comandar;comando
protocolar;protocolo
intentar;intento
rastrear;rastreio
engarrafar;engarrafo
meditar;medito
inteirar;inteiro
lotar;loto
raciocinar;raciocino
recompensar;recompenso
recitar;recito
distanciar;distancio
amorar;amoro
postergar;postergo
debicar;debico
recobrar;recobro
afugentar;afugento
expirar;expiro
cerrar;cerro
configurar;configuro
acampar;acampo
esvaecer;esvaeço
cavalgar;cavalgo
fender;fendo
assessorar;assessoro
esfriar;esfrio
turvar;turvo
liderar;lidero
reler;releio
reconsiderar;reconsidero
corroborar;corroboro
gerenciar;gerencio
mondar;mondo
legar;lego
verter;verto
conferenciar;conferencio
eternizar;eternizo
verdejar;verdejo
lograr;logro
cobiçar;cobiço
contentar;contento
ditar;dito
despegar;despego
ensejar;ensejo
arquitetar;arquiteto
situar;situo
vegetar;vegeto
rescindir;rescindo
despontar;desponto
aturar;aturo
alagar;alago
desapontar;desaponto
bracejar;bracejo
discursar;discurso
arrepiar;arrepio
amargurar;amarguro
chocar;choco
fossar;fosso
antecipar;antecipo
cabecear;cabeceio
inibir;inibo
acentuar;acentuo
degustar;degusto
arrear;arreio
decrescer;decresço
planear;planeio
argumentar;argumento
tapar;tapo
danificar;danifico
defecar;defeco
prevalecer;prevaleço
comprimir;comprimo
assentar;assento
tremular;tremulo
despachar;despacho
pascer;pasço
instigar;instigo
comercializar;comercializo
descascar;descasco
deferir;defiro
sangrar;sangro
arar;aro
discorrer;discorro
divorciar;divorcio
aflorar;afloro
enfatizar;enfatizo
coletar;coleto
ministrar;ministro
reformar;reformo
forrar;forro
venerar;venero
adentrar;adentro
suplementar;suplemento
coroar;coroo
obstar;obsto
aludir;aludo
acondicionar;acondiciono
insultar;insulto
tatuar;tatuo
ponderar;pondero
arrombar;arrombo
sufocar;sufoco
desesperar;desespero
torturar;torturo
aviar;avio
sojugar;sojugo
permear;permeio
procrastinar;procrastino
empalidecer;empalideço
regredir;regrido
tolerar;tolero
babar;babo
plagiar;plagio
dilatar;dilato
filmar;filmo
fofocar;fofoco
desembocar;desemboco
propiciar;propicio
captar;capto
digitar;digito
aplacar;aplaco
amaldiçoar;amaldiçoo
decretar;decreto
locar;loco
refrigerar;refrigero
assassinar;assassino
zombar;zombo
pretextar;pretexto
erar;ero
esperançar;esperanço
desbotar;desboto
coagir;coajo
afeitar;afeito
delinear;delineio
repousar;repouso
alveitar;alveito
mascar;masco
dinamizar;dinamizo
tampar;tampo
memorizar;memorizo
implementar;implemento
preguntar;pregunto
arquejar;arquejo
subjugar;subjugo
transcrever;transcrevo
subministrar;subministro
emendar;emendo
despender;despendo
receitar;receito
cientificar;cientifico
mais-querer;mais-quero
pontuar;pontuo
afundar;afundo
solidarizar;solidarizo
complicar;complico
contagiar;contagio
temperar;tempero
mimar;mimo
lesionar;lesiono
encobrir;encubro
subsumir;subsumo
golpear;golpeio
remoer;remoo
sucumbir;sucumbo
revestir;revisto
impugnar;impugno
desvendar;desvendo
traspassar;traspasso
travar;travo
cassar;casso
desencadear;desencadeio
pirar;piro
perseverar;persevero
reentrar;reentro
reportar;reporto
coordenar;coordeno
empolgar;empolgo
renavegar;renavego
trasbordar;trasbordo
rabiscar;rabisco
patentear;patenteio
esfaquear;esfaqueio
selar;selo
coibir;coíbo
esfuziar;esfuzio
tranquilizar;tranquilizo
habituar;habituo
improvisar;improviso
mandrianar;mandriano
consumar;consumo
judiar;judio
jornadear;jornadeio
atalhar;atalho
descender;descendo
esbater;esbato
aposentar;aposento
certificar;certifico
apropinquar;apropinquo
cochilar;cochilo
sobressair;sobressaio
descair;descaio
pressentir;pressinto
diluir;diluo
decifrar;decifro
noticiar;noticio
retroceder;retrocedo
invocar;invoco
paquerar;paquero
flutuar;flutuo
esmagar;esmago
desfear;desfeio
sublinhar;sublinho
soletrar;soletro
camboar;camboo
flertar;flerto
sobrestar;sobrestou
curvar;curvo
impregnar;impregno
internar;interno
enquadrar;enquadro
danar;dano
especificar;especifico
orçar;orço
forcar;forco
flagrar;flagro
presumir;presumo
financiar;financio
rumorejar;rumorejo
mobilizar;mobilizo
trufar;trufo
defenestrar;defenestro
anular;anulo
pelar;pelo
triturar;trituro
arfar;arfo
deliciar;delicio
importunar;importuno
requisitar;requisito
desmentir;desminto
comerciar;comercio
subestimar;subestimo
espiritualizar;espiritualizo
ruidar;ruido
datilografar;datilografo
tardar;tardo
colidir;colido
escravizar;escravizo
impossibilitar;impossibilito
decolar;decolo
alocar;aloco
merendar;merendo
anuir;anuo
empreender;empreendo
retroar;retroo
armazenar;armazeno
atenuar;atenuo
transcender;transcendo
espartejar;espartejo
contaminar;contamino
assimilar;assimilo
adimplir;adimplo
clamar;clamo
deglutir;degluto
faturar;faturo
dificultar;dificulto
perpetuar;perpetuo
piar;pio
apelar;apelo
desalojar;desalojo
engravidar;engravido
incumbir;incumbo
entoar;entoo
sujeitar;sujeito
pungir;punjo
reembolsar;reembolso
idolatrar;idolatro
cismar;cismo
frustrar;frustro
enlear;enleio
detectar;detecto
retratar;retrato
esquiar;esquio
conchegar;conchego
custear;custeio
ecoar;ecoo
espicaçar;espicaço
tremeluzir;tremeluzo
avir;avenho
maçonizar;maçonizo
ratificar;ratifico
arrebentar;arrebento
intuir;intuo
pospor;posponho
precipitar;precipito
aprofundar;aprofundo
inferir;infiro
domar;domo
socar;soco
desafogar;desafogo
alinhar;alinho
abafar;abafo
sensibilizar;sensibilizo
espelhar;espelho
vincular;vinculo
propagar;propago
qualificar;qualifico
medicar;medico
objetivar;objetivo
voltejar;voltejo
elucidar;elucido
desativar;desativo
equivocar;equivoco
rachar;racho
fascinar;fascino
gargalhar;gargalho
padecer;padeço
tombar;tombo
driblar;driblo
dirimir;dirimo
ausentar;ausento
escapulir;escapulo
retificar;retifico
desrespeitar;desrespeito
outorgar;outorgo
negligenciar;negligencio
serrar;serro
atracar;atraco
empezar;empezo
desmarcar;desmarco
amanhar;amanho
consagrar;consagro
engajar;engajo
reeleger;reelejo
reprisar;repriso
aceder;acedo
prostrar;prostro
sofrear;sofreio
trilhar;trilho
acatar;acato
assoprar;assopro
contextualizar;contextualizo
descontinuar;descontinuo
desenfastiar;desenfastio
abotoar;abotoo
difamar;difamo
cotar;coto
ressumar;ressumo
regularizar;regularizo
revezar;revezo
esgotar;esgoto
fichar;ficho
adoçar;adoço
recair;recaio
compadecer;compadeço
rodopiar;rodopio
cutucar;cutuco
desassossegar;desassossego
congratular;congratulo
agachar;agacho
ostentar;ostento
regozijar;regozijo
compassar;compasso
acostar;acosto
habilitar;habilito
cooperar;coopero
aterrizar;aterrizo
futurar;futuro
descontar;desconto
aflar;aflo
aparentar;aparento
disseminar;dissemino
estruturar;estruturo
descumprir;descumpro
assemelhar;assemelho
manipular;manipulo
alçar;alço
aspergir;asperjo
amarar;amaro
igualar;igualo
batalhar;batalho
listar;listo
evadir;evado
descalçar;descalço
rematar;remato
efetivar;efetivo
reiniciar;reinicio
rotear;roteio
apodrecer;apodreço
embirrar;embirro
resfolegar;resfólego
dissertar;disserto
distorcer;distorço
fracassar;fracasso
realçar;realço
caprichar;capricho
enferrujar;enferrujo
destinar;destino
confrontar;confronto
predominar;predomino
restabelecer;restabeleço
originar;origino
subscrever;subscrevo
descabelar;descabelo
vigorar;vigoro
iriar;irio
atormentar;atormento
cercear;cerceio
impulsionar;impulsiono
enfraquecer;enfraqueço
invitar;invito
remontar;remonto
consolidar;consolido
assediar;assedio
historiar;historio
inchar;incho
agravar;agravo
graduar;graduo
oscilar;oscilo
repercutir;repercuto
interditar;interdito
zerar;zero
acaçapar;acaçapo
rimar;rimo
formatar;formato
presentar;presento
içar;iço
agasalhar;agasalho
exalar;exalo
afazer;afaço
aguçar;aguço
rebolar;rebolo
inovar;inovo
saquear;saqueio
enricar;enrico
estufar;estufo
apelidar;apelido
reverenciar;reverencio
corar;coro
remexer;remexo
salpicar;salpico
afrouxar;afrouxo
discriminar;discrimino
calmar;calmo
tanger;tanjo
dissecar;disseco
deleitar;deleito
lucrar;lucro
idear;ideio
pausar;pauso
desabar;desabo
diagnosticar;diagnostico
untar;unto
privilegiar;privilegio
intensificar;intensifico
presidir;presido
vacilar;vacilo
exportar;exporto
sinalizar;sinalizo
vetar;veto
enfartar;enfarto
revolver;revolvo
suscitar;suscito
amolecer;amoleço
buzinar;buzino
engasgar;engasgo
formalizar;formalizo
revistar;revisto
arrotar;arroto
dizimar;dizimo
esbanjar;esbanjo
forjar;forjo
descarregar;descarrego
guerrear;guerreio
resignar;resigno
desatacar;desataco
caluniar;calunio
reconciliar;reconcilio
revogar;revogo
intimidar;intimido
atiçar;atiço
estuprar;estupro
bordar;bordo
cacarejar;cacarejo
desentulhar;desentulho
bufar;bufo
desprender;desprendo
desbancar;desbanco
evocar;evoco
lecionar;leciono
pilotar;piloto
ralar;ralo
afamar;afamo
arrecadar;arrecado
afluir;afluo
afagar;afago
endurecer;endureço
mugir;mujo
infligir;inflijo
fatiar;fatio
glorificar;glorifico
desmerecer;desmereço
penetrar;penetro
ocasionar;ocasiono
auferir;aufiro
cultuar;cultuo
seriar;serio
chagar;chago
cingir;cinjo
rugitar;rugito
franzir;franzo
terçar;terço
cartar;carto
especializar;especializo
refrescar;refresco
ressurgir;ressurjo
embebedar;embebedo
destituir;destituo
umedecer;umedeço
lavrar;lavro
purificar;purifico
subverter;subverto
agoniar;agonio
locomover;locomovo
simplificar;simplifico
alternar;alterno
folgar;folgo
generalizar;generalizo
prosperar;prospero
prolongar;prolongo
conceituar;conceituo
beliscar;belisco
trapacear;trapaceio
algemar;algemo
fiscalizar;fiscalizo
recriar;recrio
envenenar;enveneno
liar;lio
lisonjear;lisonjeio
elar;elo
ensaibrar;ensaibro
resplandecer;resplandeço
ferrar;ferro
sambar;sambo
sustar;susto
jejuar;jejuo
lacar;laco
principiar;principio
amenizar;amenizo
evacuar;evacuo
demandar;demando
embelezar;embelezo
intrometer;intrometo
repensar;repenso
desmontar;desmonto
desconectar;desconecto
gorjear;gorjeio
vedar;vedo
vadiar;vadio
crucificar;crucifico
esboçar;esboço
consignar;consigno
raptar;rapto
salgar;salgo
barrar;barro
urinar;urino
inquirir;inquiro
empobrecer;empobreço
alumiar;alumio
abreviar;abrevio
folhar;folho
desprover;desprovo
reconvir;reconvenho
refutar;refuto
cogitar;cogito
contrastar;contrasto
profetizar;profetizo
repudiar;repudio
escoar;escoo
engrandecer;engrandeço
desabafar;desabafo
estampar;estampo
aquietar;aquieto
assombrar;assombro
soluçar;soluço
debulhar;debulho
lixar;lixo
sorver;sorvo
filtrar;filtro
migrar;migro
pilar;pilo
bolar;bolo
perfumar;perfumo
bem-querer;bem-quero
desemalar;desemalo
aprisionar;aprisiono
roçar;roço
infiltrar;infiltro
presar;preso
sondar;sondo
velejar;velejo
acrescer;acresço
alargar;alargo
pichar;picho
acautelar;acautelo
bronzear;bronzeio
entornar;entorno
transcorrer;transcorro
lapidar;lapido
mascarar;mascaro
descompor;descomponho
bancar;banco
aleijar;aleijo
castrar;castro
condicionar;condiciono
embasar;embaso
indenizar;indenizo
rastejar;rastejo
edificar;edifico
enamorar;enamoro
voltear;volteio
explicitar;explicito
ludibriar;ludibrio
simular;simulo
otimizar;otimizo
sapatear;sapateio
delegar;delego
perdurar;perduro
encharcar;encharco
pedalar;pedalo
rebater;rebato
entediar;entedio
relevar;relevo
açoitar;açoito
afiar;afio
agraciar;agracio
capinar;capino
rumar;rumo
trançar;tranço
espionar;espiono
revolucionar;revoluciono
reativar;reativo
refogar;refogo
imperar;impero
recolocar;recoloco
adjetivar;adjetivo
modelar;modelo
colorar;coloro
revenir;reveno
deprimir;deprimo
desentupir;desentupo
moscar;musco
desfilar;desfilo
pontear;ponteio
possar;posso
comungar;comungo
gaguejar;gaguejo
subsidiar;subsidio
assolar;assolo
empinar;empino
parafrasear;parafraseio
acalentar;acalento
atestar;atesto
borrar;borro
exterminar;extermino
aperrear;aperreio
menosprezar;menosprezo
acasalar;acasalo
ajuizar;ajuízo
despencar;despenco
incitar;incito
sentenciar;sentencio
varar;varo
anteceder;antecedo
insurgir;insurjo
azar;azo
gesticular;gesticulo
raiar;raio
parodiar;parodio
refrear;refreio
massacrar;massacro
gabar;gabo
apegar;apego
cochichar;cochicho
preceder;precedo
ressentir;ressento
afeiçoar;afeiçoo
decair;decaio
desiludir;desiludo
dissipar;dissipo
lesar;leso
apoderar;apodero
resguardar;resguardo
granjear;granjeio
implodir;implodo
filiar;filio
imputar;imputo
numerar;numero
degradar;degrado
replicar;replico
feitar;feito
serenar;sereno
abrasar;abraso
rer;ro
perverter;perverto
socializar;socializo
desentender;desentendo
pincelar;pincelo
policiar;policio
veicular;veiculo
detalhar;detalho
doutrinar;doutrino
pelear;peleio
regulamentar;regulamento
esmiuçar;esmiúço
decapitar;decapito
filosofar;filosofo
ovar;ovo
rejuvenescer;rejuvenesço
amedrontar;amedronto
arear;areio
ovacionar;ovaciono
recobrir;recubro
enfear;enfeio
aduzir;aduzo
amamentar;amamento
idealizar;idealizo
revirar;reviro
sancionar;sanciono
vistoriar;vistorio
grunhir;grunho
prorrogar;prorrogo
retrucar;retruco
imobilizar;imobilizo
grifar;grifo
resfriar;resfrio
ninar;nino
segar;sego
achegar;achego
chiar;chio
abduzir;abduzo
intrigar;intrigo
infectar;infecto
sabotar;saboto
fomentar;fomento
contorcer;contorço
incutir;incuto
desgastar;desgasto
tramar;tramo
arregalar;arregalo
interverter;interverto
objetar;objeto
acidentar;acidento
apedrejar;apedrejo
chefiar;chefio
compilar;compilo
disciplinar;disciplino
chacoalhar;chacoalho
transpassar;transpasso
abortar;aborto
transacionar;transaciono
garoar;garoo
dormitar;dormito
desamparar;desamparo
insinuar;insinuo
redarguir;redarguo
demostrar;demostro
desdenhar;desdenho
esquivar;esquivo
desertar;deserto
foiçar;foiço
santificar;santifico
bajular;bajulo
aconchegar;aconchego
imbuir;imbuo
ressoar;ressoo
apregoar;apregoo
aclamar;aclamo
carimbar;carimbo
cortejar;cortejo
esmorecer;esmoreço
indeferir;indefiro
apavorar;apavoro
clicar;clico
culminar;culmino
adubar;adubo
declamar;declamo
espetar;espeto
hebetar;hebeto
torrar;torro
bombardear;bombardeio
relampear;relampeio
balbuciar;balbucio
registar;registo
tarar;taro
amarelar;amarelo
molestar;molesto
recrear;recreio
ridicularizar;ridicularizo
sobrescrever;sobrescrevo
multar;multo
porejar;porejo
sedar;sedo
digladiar;digladio
entusiasmar;entusiasmo
estabilizar;estabilizo
alicerçar;alicerço
detonar;detono
liquidar;liquido
embriagar;embriago
professar;professo
bradar;brado
desenrolar;desenrolo
encimar;encimo
justapor;justaponho
mofar;mofo
chamegar;chamego
zumbir;zumbo
brandar;brando
reflexionar;reflexiono
amolar;amolo
ejacular;ejaculo
injetar;injeto
estuar;estuo
lascar;lasco
sovar;sovo
creditar;credito
revidar;revido
figurar;figuro
ancorar;ancoro
lindar;lindo
barbear;barbeio
apunhalar;apunhalo
aterrar;aterro
sepultar;sepulto
aterrorizar;aterrorizo
minimizar;minimizo
quietar;quieto
rotular;rotulo
deteriorar;deterioro
reflectir;reflecto
descomplicar;descomplico
explanar;explano
pautar;pauto
desprazer;despraço
nominar;nomino
parear;pareio
capotar;capoto
divagar;divago
consubstanciar;consubstancio
congregar;congrego
estagnar;estagno
personalizar;personalizo
prensar;prenso
estalar;estalo
homologar;homologo
realocar;realoco
alienar;alieno
admoestar;admoesto
coisar;coiso
constringir;constrinjo
destoar;destoo
farrear;farreio
alavancar;alavanco
abrandar;abrando
sobrepujar;sobrepujo
escassear;escasseio
garotar;garoto
reanimar;reanimo
endireitar;endireito
burlar;burlo
espreguiçar;espreguiço
conjurar;conjuro
engrossar;engrosso
aquiescer;aquiesço
simbolizar;simbolizo
afinar;afino
enraizar;enraízo
estrelar;estrelo
domesticar;domestico
legalizar;legalizo
rebaixar;rebaixo
sobrecarregar;sobrecarrego
subornar;suborno
empeçar;empeço
later;lato
mear;meio
desmascarar;desmascaro
silvar;silvo
subsistir;subsisto
putrefazer;putrefaço
impetrar;impetro
falsear;falseio
mensurar;mensuro
apender;apendo
desagradar;desagrado
redirecionar;redireciono
segmentar;segmento
engatinhar;engatinho
conspirar;conspiro
enfurecer;enfureço
esbravejar;esbravejo
ofuscar;ofusco
enturmar;enturmo
remanejar;remanejo
atrever;atrevo
autuar;autuo
flexionar;flexiono
intitular;intitulo
desarmar;desarmo
evaporar;evaporo
materializar;materializo
potencializar;potencializo
protocolizar;protocolizo
recrutar;recruto
exarar;exaro
tergiversar;tergiverso
inspecionar;inspeciono
descuidar;descuido
arrebatar;arrebato
imprensar;imprenso
liquefazer;liquefaço
prosear;proseio
vangloriar;vanglorio
debochar;debocho
depreender;depreendo
masturbar;masturbo
rebentar;rebento
reconstituir;reconstituo
beirar;beiro
circundar;circundo
desencorajar;desencorajo
desonrar;desonro
enumerar;enumero
exortar;exorto
interceptar;intercepto
ralhar;ralho
seleccionar;selecciono
acometer;acometo
incriminar;incrimino
postular;postulo
surrar;surro
embaralhar;embaralho
reintegrar;reintegro
ababadar;ababado
desbravar;desbravo
mesclar;mesclo
laçar;laço
bicar;bico
chuviscar;chuvisco
cravar;cravo
farar;faro
proliferar;prolifero
violentar;violento
abundar;abundo
reencontrar;reencontro
lacrar;lacro
resvalar;resvalo
demover;demovo
despistar;despisto
enojar;enojo
exorcizar;exorcizo
abrilhantar;abrilhanto
empunhar;empunho
saldar;saldo
acorrentar;acorrento
delirar;deliro
reverberar;reverbero
homogeneizar;homogeneízo
penalizar;penalizo
maravilhar;maravilho
deletar;deleto
ceifar;ceifo
estreitar;estreito
violar;violo
enfocar;enfoco
grudar;grudo
locupletar;locupleto
reclusar;recluso
relar;relo
deslumbrar;deslumbro
acetar;aceto
familiarizar;familiarizo
inflar;inflo
pluralizar;pluralizo
duplicar;duplico
entrelaçar;entrelaço
versar;verso
reformular;reformulo
apear;apeio
embaraçar;embaraço
agrupar;agrupo
angariar;angario
assear;asseio
planar;plano
rememorar;rememoro
dedar;dedo
embutir;embuto
enternecer;enterneço
extrapolar;extrapolo
encurtar;encurto
regrar;regro
conjecturar;conjecturo
soldar;soldo
equipar;equipo
mendigar;mendigo
amansar;amanso
deportar;deporto
endossar;endosso
sedimentar;sedimento
coadunar;coaduno
intoxicar;intoxico
maçar;maço
chicotear;chicoteio
eclipsar;eclipso
espirar;espiro
aparar;aparo
enrijecer;enrijeço
desdar;desdo
perfurar;perfuro
assoviar;assovio
desvencilhar;desvencilho
legitimar;legitimo
tostar;tosto
externar;externo
intencionar;intenciono
asseverar;assevero
atrelar;atrelo
desdobrar;desdobro
trebelhar;trebelho
licenciar;licencio
afectar;afecto
alardear;alardeio
desvanecer;desvaneço
exonerar;exonero
avizinhar;avizinho
invalidar;invalido
alar;alo
falsificar;falsifico
alistar;alisto
culpabilizar;culpabilizo
retroagir;retroajo
tatear;tateio
macular;maculo
mancar;manco
pifar;pifo
apresar;apreso
eclodir;eclodo
fertilizar;fertilizo
madrugar;madrugo
medrar;medro
onerar;onero
remendar;remendo
emanar;emano
incrementar;incremento
salvaguardar;salvaguardo
vitoriar;vitorio
desnudar;desnudo
normalizar;normalizo
pinar;pino
prontificar;prontifico
açodar;açodo
embaçar;embaço
equiparar;equiparo
transpirar;transpiro
diligenciar;diligencio
destravar;destravo
deserdar;deserdo
modular;modulo
relegar;relego
retrair;retraio
apalpar;apalpo
convalescer;convalesço
lastimar;lastimo
ornar;orno
protelar;protelo
reencaminhar;reencaminho
regurgitar;regurgito
reluzir;reluzo
desabonar;desabono
desgrudar;desgrudo
regenerar;regenero
acantoar;acantoo
espernear;esperneio
extraviar;extravio
adoptar;adopto
escarnecer;escarneço
assanhar;assanho
balancear;balanceio
escultar;esculto
amontoar;amontoo
evangelizar;evangelizo
fincar;finco
problematizar;problematizo
metamorfosear;metamorfoseio
preponderar;prepondero
repugnar;repugno
rifar;rifo
descongelar;descongelo
entrepor;entreponho
despojar;despojo
dotar;doto
impar;impo
trovar;trovo
pipocar;pipoco
enfeitiçar;enfeitiço
esbofetear;esbofeteio
inflamar;inflamo
verberar;verbero
harmonizar;harmonizo
preconizar;preconizo
rosnar;rosno
cicatrizar;cicatrizo
sediar;sedio
transvasar;transvaso
bobear;bobeio
desvalorizar;desvalorizo
entravar;entravo
abalroar;abalroo
enfermar;enfermo
minar;mino
centrar;centro
desposar;desposo
atinar;atino
deliberar;delibero
encapar;encapo
pastorear;pastoreio
aprazar;aprazo
desvirtuar;desvirtuo
exilar;exilo
germinar;germino
ilhar;ilho
vasculhar;vasculho
cambalear;cambaleio
desmatar;desmato
espichar;espicho
fecundar;fecundo
gloriar;glorio
azedar;azedo
devanear;devaneio
interligar;interligo
polvilhar;polvilho
rebelar;rebelo
cantarejar;cantarejo
contender;contendo
contravir;contravenho
correlacionar;correlaciono
encerar;encero
hipnotizar;hipnotizo
avariar;avario
desconcentrar;desconcentro
encenar;enceno
entrouxar;entrouxo
lacrimejar;lacrimejo
positivar;positivo
abocanhar;abocanho
copular;copulo
cumular;cumulo
encarecer;encareço
fuzilar;fuzilo
bombear;bombeio
documentar;documento
hibernar;hiberno
asar;aso
palrar;palro
primar;primo
carrear;carreio
transudar;transudo
pacificar;pacifico
unificar;unifico
cavoucar;cavouco
envidar;envido
estacar;estaco
trovoar;trovoo
fraudar;fraudo
laborar;laboro
gratificar;gratifico
devastar;devasto
premer;premo
trafegar;trafego
endeusar;endeuso
experienciar;experiencio
fraquejar;fraquejo
acuar;acuo
xerocar;xeroco
abonar;abono
boicotar;boicoto
colapsar;colapso
escorar;escoro
remitir;remito
supervisionar;supervisiono
transigir;transijo
ultrajar;ultrajo
esgueirar;esgueiro
estapear;estapeio
fornir;forno
revoar;revoo
camuflar;camuflo
pitar;pito
desembrulhar;desembrulho
jorrar;jorro
desmistificar;desmistifico
aclarar;aclaro
amornar;amorno
depreciar;deprecio
inocentar;inocento
ironizar;ironizo
moderar;modero
reatar;reato
contundir;contundo
desapegar;desapego
arregaçar;arregaço
iterar;itero
perambular;perambulo
advogar;advogo
arredar;arredo
estagiar;estagio
respaldar;respaldo
aranhar;aranho
depredar;depredo
justiçar;justiço
trotar;troto
atolar;atolo
consternar;consterno
aliciar;alicio
escavar;escavo
fundear;fundeio
reestruturar;reestruturo
vexar;vexo
condensar;condenso
reafirmar;reafirmo
desacreditar;desacredito
estrangular;estrangulo
focalizar;focalizo
prostituir;prostituo
agonizar;agonizo
entortar;entorto
tapear;tapeio
anestesiar;anestesio
poetizar;poetizo
catequizar;catequizo
lerdear;lerdeio
adulterar;adultero
rubricar;rubrico
imitir;imito
renegar;renego
safar;safo
arrendar;arrendo
ufanar;ufano
abluir;abluo
chilrear;chilreio
desvincular;desvinculo
enroscar;enrosco
ressalvar;ressalvo
instar;insto
mitigar;mitigo
solver;solvo
desequilibrar;desequilibro
plantear;planteio
carminar;carmino
neutralizar;neutralizo
autenticar;autentico
certar;certo
endividar;endivido
galopar;galopo
gamar;gamo
blasfemar;blasfemo
gazear;gazeio
lambiscar;lambisco
apadrinhar;apadrinho
olear;oleio
traficar;trafico
abominar;abomino
banalizar;banalizo
esmerar;esmero
fortificar;fortifico
remunerar;remunero
caducar;caduco
esnobar;esnobo
melar;melo
segregar;segrego
tumultuar;tumultuo
estornar;estorno
recontar;reconto
agenciar;agencio
embainhar;embainho
encarnar;encarno
estaquear;estaqueio
padronizar;padronizo
pernoitar;pernoito
zunir;zuno
controverter;controverto
dissentir;dissento
dosar;doso
enlaçar;enlaço
redizer;redigo
relinchar;relincho
satirizar;satirizo
tosar;toso
coaxar;coaxo
entrosar;entroso
oficializar;oficializo
predicar;predico
voejar;voejo
papar;papo
acorrer;acorro
brisar;briso
desenformar;desenformo
drogar;drogo
erodir;erodo
frutificar;frutifico
inalar;inalo
canalizar;canalizo
desembaraçar;desembaraço
lagrimar;lagrimo
modernizar;modernizo
vitimar;vitimo
espanholizar;espanholizo
estancar;estanco
inviabilizar;inviabilizo
talar;talo
espairecer;espaireço
radicalizar;radicalizo
reabilitar;reabilito
sevar;sevo
suavizar;suavizo
vilipendiar;vilipendio
afixar;afixo
ebulir;ebulo
perscrutar;perscruto
humanizar;humanizo
ambicionar;ambiciono
ermar;ermo
escoltar;escolto
inadimplir;inadimplo
maquinar;maquino
amaciar;amacio
encurralar;encurralo
impulsar;impulso
balear;baleio
posar;poso
campear;campeio
desarrumar;desarrumo
blindar;blindo
contraditar;contradito
desandar;desando
prepor;preponho
cunhar;cunho
desencontrar;desencontro
tanar;tano
antipatizar;antipatizo
balir;balo
defrontar;defronto
englobar;englobo
trasladar;traslado
aluir;aluo
desmoralizar;desmoralizo
mentalizar;mentalizo
nivelar;nivelo
ratear;rateio
desamarrar;desamarro
ladear;ladeio
emoldurar;emolduro
engessar;engesso
escancarar;escancaro
propender;propendo
usurpar;usurpo
chumbar;chumbo
representear;representeio
ervar;ervo
esculachar;esculacho
execrar;execro
catalogar;catalogo
reaparecer;reapareço
alastrar;alastro
desabotoar;desabotoo
destratar;destrato
distratar;distrato
trenar;treno
destrinchar;destrincho
pisotear;pisoteio
rasurar;rasuro
ventilar;ventilo
deflagrar;deflagro
deturpar;deturpo
desmantelar;desmantelo
enfadar;enfado
estatuir;estatuo
chapar;chapo
dedurar;deduro
enervar;enervo
estear;esteio
reconduzir;reconduzo
convizinhar;convizinho
depilar;depilo
adestrar;adestro
estumar;estumo
estuporar;estuporo
levedar;levedo
margear;margeio
ornamentar;ornamento
amuar;amuo
apreçar;apreço
escrevinhar;escrevinho
madurar;maduro
quarar;quaro
silabar;silabo
valar;valo
confidenciar;confidencio
descontrair;descontraio
franquear;franqueio
espargir;esparjo
superpor;superponho
trombar;trombo
amputar;amputo
desaparelhar;desaparelho
facultar;faculto
golear;goleio
irrigar;irrigo
ariar;ario
aticar;atico
clarificar;clarifico
desacelerar;desacelero
desgostar;desgosto
anelar;anelo
engendrar;engendro
etiquetar;etiqueto
filar;filo
republicar;republico
aiar;aio
nanar;nano
passajar;passajo
procriar;procrio
rosetar;roseto
acovardar;acovardo
escandalizar;escandalizo
martirizar;martirizo
readquirir;readquiro
reincidir;reincido
adejar;adejo
arrolar;arrolo
cotizar;cotizo
debitar;debito
delimitar;delimito
injuriar;injurio
passamanar;passamano
surrupiar;surrupio
arvorar;arvoro
baratear;barateio
fulgurar;fulguro
imperfeiçoar;imperfeiçoo
prantear;pranteio
exemplar;exemplo
pactuar;pactuo
perquirir;perquiro
confiscar;confisco
grafar;grafo
manobrar;manobro
reapresentar;reapresento
rostir;rosto
amorenar;amoreno
desfiar;desfio
estipular;estipulo
toar;too
assomar;assomo
definhar;definho
descontrolar;descontrolo
enveredar;enveredo
excomungar;excomungo
gorar;goro
librar;libro
plainar;plaino
reputar;reputo
titular;titulo
acobertar;acoberto
compulsar;compulso
dissociar;dissocio
entremear;entremeio
escarrar;escarro
presentificar;presentifico
rotar;roto
tricotar;tricoto
vogar;vogo
inçar;inço
orquestrar;orquestro
polemizar;polemizo
reassumir;reassumo
asfixiar;asfixio
desassociar;desassocio
esganar;esgano
fadigar;fadigo
subordinar;subordino
civilizar;civilizo
confinar;confino
desaparafusar;desaparafuso
loar;loo
obviar;obvio
rebocar;reboco
sanear;saneio
concatenar;concateno
desaprender;desaprendo
expurgar;expurgo
facear;faceio
ferroar;ferroo
labutar;labuto
maldar;maldo
pear;peio
traumatizar;traumatizo
vivificar;vivifico
centralizar;centralizo
desnortear;desnorteio
espocar;espoco
ouriçar;ouriço
querar;quero
radicar;radico
remodelar;remodelo
vociferar;vocifero
florear;floreio
planificar;planifico
traquejar;traquejo
correger;correjo
despentear;despenteio
subdividir;subdivido
tornear;torneio
tumefazer;tumefaço
confluir;confluo
distender;distendo
singularizar;singularizo
sublimar;sublimo
transluzir;transluzo
atordoar;atordoo
avocar;avoco
bem-fazer;bem-faço
desmembrar;desmembro
recensear;recenseio
arrematar;arremato
bisbilhotar;bisbilhoto
digitalizar;digitalizo
dilacerar;dilacero
enobrecer;enobreço
reinventar;reinvento
tachar;tacho
trinar;trino
esquartejar;esquartejo
redobrar;redobro
revigorar;revigoro
arejar;arejo
desinfetar;desinfeto
endoidar;endoido
falsar;falso
elidir;elido
lustrar;lustro
refinar;refino
rocar;roco
acoplar;acoplo
desqualificar;desqualifico
limar;limo
ensandecer;ensandeço
recapitular;recapitulo
vulnerabilizar;vulnerabilizo
agourar;agouro
auscultar;ausculto
deformar;deformo
inferiorizar;inferiorizo
ticar;tico
traquear;traqueio
desencantar;desencanto
excetuar;excetuo
acarear;acareio
chispar;chispo
drenar;dreno
encarcerar;encarcero
fustigar;fustigo
ilidir;ilido
maximizar;maximizo
quantificar;quantifico
reconquistar;reconquisto
talhar;talho
tralhar;tralho
verear;vereio
alarmar;alarmo
dissimular;dissimulo
ortografar;ortografo
regatear;regateio
escorraçar;escorraço
extirpar;extirpo
mutilar;mutilo
desenterrar;desenterro
enxotar;enxoto
expiar;expio
pernear;perneio
propugnar;propugno
represar;represo
retaliar;retalio
taralhar;taralho
amargar;amargo
arquear;arqueio
desarmonizar;desarmonizo
esterilizar;esterilizo
potenciar;potencio
renomear;renomeio
adornar;adorno
cantear;canteio
cominar;comino
hortar;horto
infundir;infundo
morsegar;morsego
canonizar;canonizo
envaidecer;envaideço
intercalar;intercalo
ruar;ruo
amossar;amosso
atraiçoar;atraiçoo
desacostumar;desacostumo
passagear;passageio
sagrar;sagro
sotopor;sotoponho
albergar;albergo
arbitrar;arbitro
desimpedir;desimpeço
dignar;digno
fraturar;fraturo
inquerir;inquiro
preternaturalizar;preternaturalizo
arrazoar;arrazoo
colgar;colgo
desclassificar;desclassifico
distar;disto
empestear;empesteio
fisgar;fisgo
majorar;majoro
murar;muro
relancear;relanceio
teclar;teclo
arribar;arribo
arrogar;arrogo
cintilar;cintilo
desfalecer;desfaleço
estirar;estiro
faiar;faio
irisar;iriso
luxar;luxo
transtornar;transtorno
traquinar;traquino
alvejar;alvejo
amandar;amando
balizar;balizo
depauperar;depaupero
desinteressar;desinteresso
palestrar;palestro
rufar;rufo
avalizar;avalizo
diversificar;diversifico
endoidecer;endoideço
enfeixar;enfeixo
enguiçar;enguiço
farinar;farino
indiciar;indicio
parafusar;parafuso
pugnar;pugno
serpentar;serpento
cabular;cabulo
desfalcar;desfalco
empilhar;empilho
obrar;obro
radiar;radio
empresar;empreso
fadar;fado
gotejar;gotejo
lufar;lufo
marear;mareio
mobilhar;mobilho
monger;monjo
pretermitir;pretermito
tangenciar;tangencio
daninhar;daninho
faulhar;faulho
municiar;municio
arremeter;arremeto
descriminar;descrimino
devotar;devoto
empacotar;empacoto
engatar;engato
correlatar;correlato
fracionar;fraciono
infeccionar;infecciono
poetar;poeto
venializar;venializo
borrifar;borrifo
dignificar;dignifico
esculhambar;esculhambo
esfolar;esfolo
jungir;junjo
ambientar;ambiento
amestrar;amestro
apensar;apenso
capar;capo
estrumar;estrumo
londrear;londreio
longinquar;longinquo
penhorar;penhoro
saltitar;saltito
choramingar;choramingo
estiar;estio
miscigenar;miscigeno
perpetrar;perpetro
praguejar;praguejo
sobejar;sobejo
balar;balo
borbulhar;borbulho
ciscar;cisco
desassear;desasseio
ensurdecer;ensurdeço
entulhar;entulho
pré-cozinhar;pré-cozinho
carrar;carro
desamassar;desamasso
jubilar;jubilo
naturalizar;naturalizo
vampirar;vampiro
acanhar;acanho
adjudicar;adjudico
esfarelar;esfarelo
exteriorizar;exteriorizo
infernizar;infernizo
raçoar;raçoo
recrudescer;recrudesço
refugir;refujo
ressecar;resseco
sugestionar;sugestiono
veniagar;veniago
favar;favo
segundar;segundo
sitiar;sitio
treler;trelo
apezinhar;apezinho
divisar;diviso
escriturar;escrituro
estorvar;estorvo
rapar;rapo
recender;recendo
arxar;arxo
desvestir;desvesto
orvalhar;orvalho
reouvir;reouço
sonegar;sonego
amplificar;amplifico
barganhar;barganho
cotejar;cotejo
desatinar;desatino
descanjicar;descanjico
dramatizar;dramatizo
fragmentar;fragmento
incapacitar;incapacito
lusitanizar;lusitanizo
obnubilar;obnubilo
obstaculizar;obstaculizo
particionar;particiono
xinguilar;xinguilo
arredondar;arredondo
atermar;atermo
batucar;batuco
coexistir;coexisto
desvariar;desvario
flanar;flano
reorganizar;reorganizo
ringir;rinjo
traquitanar;traquitano
uniformizar;uniformizo
deschancelar;deschancelo
saludar;saludo
amarrotar;amarroto
arraigar;arraigo
averbar;averbo
duelar;duelo
emostar;emosto
empossar;emposso
esparramar;esparramo
fatigar;fatigo
maquilar;maquilo
obscurecer;obscureço
passatempear;passatempeio
pilhar;pilho
reacender;reacendo
degolar;degolo
desgraçar;desgraço
farandolar;farandolo
relampadejar;relampadejo
subentender;subentendo
ultimar;ultimo
amorroar;amorroo
totalizar;totalizo
vigilar;vigilo
vizinhar;vizinho
amezinhar;amezinho
assisar;assiso
instrumentalizar;instrumentalizo
repisar;repiso
retocar;retoco
adocicar;adocico
chafurdar;chafurdo
estambrar;estambro
fariscar;farisco
inventariar;inventario
perfeicionar;perfeiciono
raivar;raivo
retrogredir;retrogredo
sub-rogar;sub-rogo
alhear;alheio
concursar;concurso
emancipar;emancipo
formigar;formigo
monitorizar;monitorizo
parlamentear;parlamenteio
peregrinar;peregrino
pirambar;pirambo
rostear;rosteio
acompassar;acompasso
expectar;expecto
farofiar;farofio
gingar;gingo
oscular;osculo
rostilhar;rostilho
sistematizar;sistematizo
tripudiar;tripudio
apoquentar;apoquento
cachondear;cachondeio
conjuntar;conjunto
desintegrar;desintegro
desprestigiar;desprestigio
escurentar;escurento
rutilar;rutilo
sobresser;sobresso
achoçar;achoço
achochar;achocho
aglomerar;aglomero
bajar;bajo
degringolar;degringolo
desaparentar;desaparento
macaquear;macaqueio
malquerer;malquero
marejar;marejo
sabatinar;sabatino
transmutar;transmuto
xavecar;xaveco
foicear;foiceio
obcecar;obceco
obsequiar;obsequio
parçar;parço
secretar;secreto
afazendar;afazendo
brunir;bruno
carcomer;carcomo
desacatar;desacato
entreabrir;entreabro
imunizar;imunizo
normatizar;normatizo
pescocear;pescoceio
reimprimir;reimprimo
remostar;remosto
substabelecer;substabeleço
abaular;abaúlo
assibilar;assibilo
desaprovar;desaprovo
emperrar;emperro
obliterar;oblitero
personificar;personifico
ringer;rinjo
ruminar;rumino
semelhar;semelho
viventar;vivento
cremar;cremo
decodificar;decodifico
elongar;elongo
flechar;flecho
percutir;percuto
acossar;acosso
aninhar;aninho
categorizar;categorizo
contrafazer;contrafaço
eivar;eivo
elucubrar;elucubro
percar;perco
promulgar;promulgo
reavir;reavo
resenhar;resenho
tirotear;tiroteio
urdir;urdo
achoutar;achouto
amordaçar;amordaço
chuchar;chucho
falhocar;falhoco
pré-lavar;pré-lavo
prevaricar;prevarico
rebuscar;rebusco
amalgamar;amalgamo
apendoar;apendoo
demarcar;demarco
desafazer;desafaço
desorientar;desoriento
destilar;destilo
entapetar;entapeto
espectar;especto
manar;mano
morraçar;morraço
quebrantar;quebranto
reavivar;reavivo
remanescer;remanesço
romantizar;romantizo
contracantar;contracanto
cooptar;coopto
desenlear;desenleio
desinchar;desincho
redundar;redundo
rescender;rescendo
tresvariar;tresvario
zurrar;zurro
avivar;avivo
cantorinhar;cantorinho
caturrar;caturro
chingar;chingo
diferençar;diferenço
evolucionar;evoluciono
fintar;finto
passarinhar;passarinho
permutar;permuto
requestar;requesto
tirocinar;tirocino
varejar;varejo
pentelhar;pentelho
ab-rogar;ab-rogo
alvoroçar;alvoroço
aprumar;aprumo
candidatar;candidato
equalizar;equalizo
escaldar;escaldo
reposicionar;reposiciono
transladar;translado
unhar;unho
alucinar;alucino
encetar;enceto
fenecer;feneço
foliar;folio
perpendicular;perpendiculo
transplantar;transplanto
triplicar;triplico
brocar;broco
cascar;casco
enfaixar;enfaixo
espatifar;espatifo
sublocar;subloco
turbar;turbo
destroçar;destroço
bramar;bramo
embrenhar;embrenho
escamosar;escamoso
estaminar;estamino
laminar;lamino
ofegar;ofego
petrechar;petrecho
ramalhar;ramalho
recriminar;recrimino
atarantar;ataranto
branquear;branqueio
coadjuvar;coadjuvo
empacar;empaco
hostilizar;hostilizo
massagear;massageio
bretanhizar;bretanhizo
circunscrever;circunscrevo
desatender;desatendo
farinhar;farinho
fornicar;fornico
patear;pateio
peitar;peito
proscrever;proscrevo
surfar;surfo
apequenar;apequeno
racionar;raciono
ressair;ressaio
sapecar;sapeco
alentar;alento
atravancar;atravanco
descabeçar;descabeço
entorpecer;entorpeço
panaçar;panaço
pesgar;pesgo
achatar;achato
desumanizar;desumanizo
mobilar;mobilo
ojerizar;ojerizo
aviltar;avilto
condecorar;condecoro
encadear;encadeio
esmurrar;esmurro
perigar;perigo
prendar;prendo
temporizar;temporizo
carnear;carneio
custodiar;custodio
desembolsar;desembolso
espaçar;espaço
exacerbar;exacerbo
fervilhar;fervilho
pechinchar;pechincho
relancetar;relanceto
trucidar;trucido
verdascar;verdasco
assuntar;assunto
engraxar;engraxo
pendular;pendulo
purgar;purgo
vicejar;vicejo
catear;cateio
gramar;gramo
incinerar;incinero
maquilhar;maquilho
cachear;cacheio
cargar;cargo
costear;costeio
embater;embato
esposar;esposo
peticionar;peticiono
ressonar;ressono
sobpor;sobponho
sopesar;sopeso
amortecer;amorteço
dadivar;dadivo
derribar;derribo
empedrar;empedro
planhir;planho
amoldar;amoldo
basar;baso
brecar;breco
cruciar;crucio
estaiar;estaio
estraçalhar;estraçalho
quizilar;quizilo
retalhar;retalho
abancar;abanco
catingar;catingo
descurar;descuro
escamotear;escamoteio
relutar;reluto
derrapar;derrapo
fermentar;fermento
individualizar;individualizo
pulular;pululo
aventar;avento
papear;papeio
amostar;amosto
avultar;avulto
conjeturar;conjeturo
aforar;aforo
anistiar;anistio
aprovisionar;aprovisiono
depurar;depuro
encabular;encabulo
fumaçar;fumaço
laxar;laxo
parasitar;parasito
tironear;tironeio
causticar;caustico
colonizar;colonizo
escrutar;escruto
exultar;exulto
arreglar;arreglo
debelar;debelo
enovelar;enovelo
entranhar;entranho
gatinhar;gatinho
lamuriar;lamurio
possibilizar;possibilizo
reabrir;reabro
relampaguear;relampagueio
capitanear;capitaneio
enganchar;engancho
engraçar;engraço
guinchar;guincho
profanar;profano
reescrever;reescrevo
teorizar;teorizo
apenar;apeno
ariscar;arisco
confabular;confabulo
conjuminar;conjumino
desbaratar;desbarato
expugnar;expugno
filhar;filho
palpar;palpo
particularizar;particularizo
rarear;rareio
soerguer;soergo
superestimar;superestimo
aglutinar;aglutino
bebericar;beberico
dentar;dento
esfoliar;esfolio
fanar;fano
rarefazer;rarefaço
saturar;saturo
alardar;alardo
condescender;condescendo
descasar;descaso
soterrar;soterro
arramar;arramo
infirmar;infirmo
abismar;abismo
acolitar;acolito
afobar;afobo
arrojar;arrojo
coxear;coxeio
embargar;embargo
ordenhar;ordenho
professorar;professoro
desmobiliar;desmobilio
diplomar;diplomo
divinizar;divinizo
empanturrar;empanturro
estalir;estalo
pretejar;pretejo
guarnecer;guarneço
refulgir;refuljo
sobressaltar;sobressalto
subpor;subponho
vagabundear;vagabundeio
abolar;abolo
amofinar;amofino
augurar;auguro
espessar;espesso
extasiar;extasio
protrair;protraio
alijar;alijo
bolinar;bolino
chamejar;chamejo
cindir;cindo
desconjuntar;desconjunto
riçar;riço
testificar;testifico
toitear;toiteio
conotar;conoto
desproteger;desprotejo
encender;encendo
exsudar;exsudo
relançar;relanço
denervar;denervo
destingir;destinjo
intensar;intenso
pinchar;pincho
solidificar;solidifico
dedetizar;dedetizo
denegar;denego
desapertar;desaperto
encabeçar;encabeço
enclausurar;enclausuro
enrubescer;enrubesço
glosar;gloso
nacionalizar;nacionalizo
sofisticar;sofistico
travessar;travesso
verminar;vermino
delapidar;delapido
grasnar;grasno
invernar;inverno
liberalizar;liberalizo
rejubilar;rejubilo
tipificar;tipifico
tontear;tonteio
badalar;badalo
cadenciar;cadencio
desacordar;desacordo
desorganizar;desorganizo
efectuar;efectuo
engodar;engodo
fabular;fabulo
moldurar;molduro
prosar;proso
avacalhar;avacalho
espedaçar;espedaço
acirrar;acirro
actuar;actuo
aquentar;aquento
ritmar;ritmo
cairelar;cairelo
desobrigar;desobrigo
embotar;emboto
precatar;precato
sumariar;sumario
xeretar;xereto
zarpar;zarpo
desempenar;desempeno
embolar;embolo
esputar;esputo
friccionar;fricciono
lenir;leno
rafar;rafo
sungar;sungo
afear;afeio
atarracar;atarraco
condir;condo
desvelar;desvelo
inebriar;inebrio
interdizer;interdigo
salivar;salivo
zanzar;zanzo
adjuntar;adjunto
alfinetar;alfineto
chancelar;chancelo
cirandar;cirando
compatibilizar;compatibilizo
desconvir;desconvenho
desencaminhar;desencaminho
emparelhar;emparelho
estilhaçar;estilhaço
fissurar;fissuro
gracejar;gracejo
hipotecar;hipoteco
sacolejar;sacolejo
trancafiar;trancafio
urbanizar;urbanizo
amainar;amaino
desunir;desuno
espanar;espano
insertar;inserto
solidar;solido
cofiar;cofio
confeitar;confeito
dependurar;dependuro
espraiar;espraio
valorar;valoro
viçar;viço
descontentar;descontento
discrepar;discrepo
fulminar;fulmino
galar;galo
mornar;morno
patrulhar;patrulho
ratar;rato
reexpedir;reexpeço
arrestar;arresto
atrofiar;atrofio
comissionar;comissiono
despor;desponho
enredar;enredo
pressagiar;pressagio
ruflar;ruflo
coagular;coagulo
conclamar;conclamo
dedilhar;dedilho
eligir;elijo
emular;emulo
encolerizar;encolerizo
entalar;entalo
receptar;recepto
ricochetear;ricocheteio
brochar;brocho
concitar;concito
desmedir;desmeço
desonerar;desonero
entretecer;entreteço
eructar;eructo
imerecer;imereço
individuar;individuo
paparicar;paparico
pavimentar;pavimento
prolatar;prolato
reconfortar;reconforto
remorder;remordo
trouçar;trouço
visionar;visiono
volitar;volito
abalizar;abalizo
afigurar;afiguro
criminar;crimino
empecer;empeço
engenhar;engenho
pastorar;pastoro
propagandear;propagandeio
coabitar;coabito
eriçar;eriço
estarrecer;estarreço
ondear;ondeio
reeditar;reedito
tributar;tributo
cainhar;cainho
cevar;cevo
codificar;codifico
convolar;convolo
depenar;depeno
ensoberbecer;ensoberbeço
legislar;legislo
refestelar;refestelo
repicar;repico
sibilar;sibilo
trespassar;trespasso
acicatar;acicato
avençar;avenço
crismar;crismo
discar;disco
engomar;engomo
enraivecer;enraiveço
fungar;fungo
horrorizar;horrorizo
interatuar;interatuo
mictar;micto
petrificar;petrifico
recopilar;recopilo
repostar;reposto
supervisar;superviso
tramitar;tramito
abnegar;abnego
desolar;desolo
enrugar;enrugo
envergar;envergo
estigmatizar;estigmatizo
estivar;estivo
lombar;lombo
melindrar;melindro
projectar;projecto
adversar;adverso
agiotar;agioto
alinhavar;alinhavo
apascentar;apascento
babujar;babujo
comutar;comuto
escrivar;escrivo
imortalizar;imortalizo
notabilizar;notabilizo
recostar;recosto
sacanear;sacaneio
suplantar;suplanto
suturar;suturo
enfunar;enfuno
esguichar;esguicho
pessoalizar;pessoalizo
achacar;achaco
agigantar;agiganto
blefar;blefo
debandar;debando
oferendar;oferendo
andejar;andejo
bestar;besto
consensualizar;consensualizo
consociar;consocio
levitar;levito
perfilar;perfilo
reorientar;reoriento
retesar;reteso
amarinhar;amarinho
atucanar;atucano
degenerar;degenero
desfavorecer;desfavoreço
emborcar;emborco
fugar;fugo
jactar;jacto
malograr;malogro
mimosear;mimoseio
prenunciar;prenuncio
reclinar;reclino
reverdecer;reverdeço
alcunhar;alcunho
arrochar;arrocho
assoalhar;assoalho
contristar;contristo
datar;dato
descravar;descravo
desembaçar;desembaço
esgrimir;esgrimo
extremar;extremo
moralizar;moralizo
ruborizar;ruborizo
acamar;acamo
azarar;azaro
conspurcar;conspurco
desarraigar;desarraigo
desfraldar;desfraldo
desperceber;despercebo
incender;incendo
matutar;matuto
mutuar;mutuo
piratear;pirateio
repulsar;repulso
retrogradar;retrogrado
tropicar;tropico
açular;açulo
aguantar;aguanto
alcoolizar;alcoolizo
atemorizar;atemorizo
confecionar;confeciono
descarrilar;descarrilo
detratar;detrato
empenar;empeno
enlevar;enlevo
estregar;estrego
extenuar;extenuo
impacientar;impaciento
azular;azulo
bundar;bundo
encalhar;encalho
encorpar;encorpo
esconjuntar;esconjunto
esfumar;esfumo
saltear;salteio
arrelvar;arrelvo
enfestar;enfesto
gestionar;gestiono
nasalizar;nasalizo
pragar;prago
vulgarizar;vulgarizo
afiliar;afilio
alunar;aluno
caraterizar;caraterizo
contabilizar;contabilizo
convencionar;convenciono
dilapidar;dilapido
encompridar;encomprido
escandir;escando
iscar;isco
prodigar;prodigo
abarrotar;abarroto
bonificar;bonifico
engaiolar;engaiolo
esporear;esporeio
magnificar;magnifico
mexericar;mexerico
mordiscar;mordisco
porfiar;porfio
rendar;rendo
transfigurar;transfiguro
vagabundar;vagabundo
amealhar;amealho
convulsionar;convulsiono
copilar;copilo
delongar;delongo
dessedentar;dessedento
estilar;estilo
foguear;fogueio
nublar;nublo
pererecar;perereco
tesourar;tesouro
aceirar;aceiro
claudicar;claudico
domiciliar;domicilio
impermeabilizar;impermeabilizo
justar;justo
mussitar;mussito
progressar;progresso
referendar;referendo
solapar;solapo
adstringir;adstrinjo
avessar;avesso
coligir;colijo
estriar;estrio
lubrificar;lubrifico
penitenciar;penitencio
pulverizar;pulverizo
quadrar;quadro
serpentear;serpenteio
sinalar;sinalo
ulular;ululo
vaticinar;vaticino
abeirar;abeiro
acabrunhar;acabrunho
alhanar;alhano
aparelhar;aparelho
atazanar;atazano
chocalhar;chocalho
conflitar;conflito
descentralizar;descentralizo
ensacar;ensaco
envasar;envaso
estugar;estugo
excogitar;excogito
incubar;incubo
propulsar;propulso
refugar;refugo
transfugir;transfujo
assuar;assuo
encardir;encardo
entonar;entono
requirir;requiro
agudar;agudo
desempregar;desemprego
menoscabar;menoscabo
oxidar;oxido
actualizar;actualizo
afiançar;afianço
cacetar;caceto
compungir;compunjo
deplorar;deploro
despenhar;despenho
desvaler;desvalho
entremeter;entremeto
excarcerar;excarcero
requebrar;requebro
catucar;catuco
inglesar;ingleso
malandrar;malandro
mixar;mixo
sobrelevar;sobrelevo
abasmar;abasmo
acoimar;acoimo
avermelhar;avermelho
calejar;calejo
desamar;desamo
dissonar;dissono
ferventar;fervento
flagelar;flagelo
noivar;noivo
obsedar;obsedo
tentear;tenteio
tutorar;tutoro
desleixar;desleixo
enjeitar;enjeito
evolar;evolo
imiscuir;imiscuo
irmanar;irmano
obstinar;obstino
solar;solo
vulnerar;vulnero
acartar;acarto
arrimar;arrimo
desaviar;desavio
evolver;evolvo
remedar;remedo
vermelhar;vermelho
destrinçar;destrinço
abananar;abanano
ajoeirar;ajoeiro
defraudar;defraudo
embevecer;embeveço
enfastiar;enfastio
lastrear;lastreio
palmar;palmo
vituperar;vitupero
achincalhar;achincalho
baldar;baldo
derrogar;derrogo
engulhar;engulho
expender;expendo
inicializar;inicializo
reerguer;reergo
cochar;cocho
contemporizar;contemporizo
desafinar;desafino
embolorar;emboloro
encovar;encovo
engrenar;engreno
entrajar;entrajo
exceler;excelo
gravitar;gravito
madurecer;madureço
reboar;reboo
soçobrar;soçobro
torrefazer;torrefaço
bambear;bambeio
desaconselhar;desaconselho
estrondar;estrondo
incandescer;incandesço
menstruar;menstruo
monopolizar;monopolizo
olfatear;olfateio
rebolir;rebolo
revender;revendo
transfusar;transfuso
afanar;afano
andoar;andoo
deambular;deambulo
defasar;defaso
estralar;estralo
fusionar;fusiono
guisar;guiso
prognosticar;prognostico
razoar;razoo
reprochar;reprocho
siar;sio
sobrevoar;sobrevoo
tracejar;tracejo
troar;troo
deprecar;depreco
desconcertar;desconcerto
embranquecer;embranqueço
enfileirar;enfileiro
esquadrinhar;esquadrinho
estripar;estripo
golfar;golfo
incensar;incenso
modorrar;modorro
zurzir;zurzo
aboiar;aboio
avantajar;avantajo
cariar;cario
cornar;corno
debilitar;debilito
desapropriar;desaproprio
expropriar;exproprio
forcejar;forcejo
fretar;freto
hospitalizar;hospitalizo
inconstitucionalizar;inconstitucionalizo
lassar;lasso
profundar;profundo
surdir;surdo
campar;campo
coalhar;coalho
cruentar;cruento
desancar;desanco
esperdiçar;esperdiço
integralizar;integralizo
mirrar;mirro
preceituar;preceituo
revalidar;revalido
abeberar;abebero
alfabetar;alfabeto
atabafar;atabafo
bambolear;bamboleio
bisar;biso
colectar;colecto
destronar;destrono
emprenhar;emprenho
ensebar;ensebo
envernizar;envernizo
espinafrar;espinafro
esvanecer;esvaneço
fuxicar;fuxico
rajar;rajo
rinchar;rincho
toucar;touco
abjurar;abjuro
alforriar;alforrio
avolumar;avolumo
chifrar;chifro
conluiar;conluio
desgarrar;desgarro
devassar;devasso
duchar;ducho
ensopar;ensopo
enxovalhar;enxovalho
escamar;escamo
esmaecer;esmaeço
inocular;inoculo
mercar;merco
pinicar;pinico
tilintar;tilinto
aniversariar;aniversario
atochar;atocho
contrabandear;contrabandeio
demudar;demudo
ejetar;ejeto
empipocar;empipoco
garatujar;garatujo
lotear;loteio
malucar;maluco
sombrear;sombreio
tresandar;tresando
versejar;versejo
xerocopiar;xerocopio
azucrinar;azucrino
despregar;desprego
detergir;deterjo
doestar;doesto
encrencar;encrenco
escalonar;escalono
espalmar;espalmo
espoliar;espolio
excretar;excreto
exumar;exumo
gizar;gizo
horar;horo
matizar;matizo
ourar;ouro
reificar;reifico
senhorear;senhoreio
afoitar;afoito
circunstanciar;circunstancio
consorciar;consorcio
desarrolhar;desarrolho
efervescer;efervesço
emboscar;embosco
emburrar;emburro
espanholar;espanholo
gestar;gesto
imolar;imolo
infestar;infesto
insuflar;insuflo
litigar;litigo
palmilhar;palmilho
tartamudear;tartamudeio
tesar;teso
tonar;tono
alindar;alindo
aplainar;aplaino
arrebitar;arrebito
atribular;atribulo
cariciar;caricio
comichar;comicho
correferir;correfero
crivar;crivo
desinibir;desinibo
esbulhar;esbulho
indultar;indulto
infetar;infeto
inquinar;inquino
laurear;laureio
partejar;partejo
predestinar;predestino
arroxar;arroxo
comboiar;comboio
derrocar;derroco
desentranhar;desentranho
enjaular;enjaulo
genuflectir;genuflecto
sacramentar;sacramento
transfundir;transfundo
assacar;assaco
desenganar;desengano
desfechar;desfecho
eguar;eguo
exorbitar;exorbito
industriar;industrio
rasar;raso
recalcar;recalco
apoucar;apouco
atritar;atrito
cardar;cardo
condimentar;condimento
deslindar;deslindo
empoeirar;empoeiro
empuxar;empuxo
enviesar;envieso
estrar;estro
flamejar;flamejo
grupar;grupo
imbricar;imbrico
petiscar;petisco
premeditar;premedito
ramificar;ramifico
readmitir;readmito
respingar;respingo
subjazer;subjaço
tronar;trono
abastar;abasto
acoitar;acoito
conselhar;conselho
desencarnar;desencarno
engordurar;engorduro
esboroar;esboroo
escachar;escacho
esconjurar;esconjuro
improbar;improbo
inticar;intico
minorar;minoro
referenciar;referencio
renguear;rengueio
resplender;resplendo
robustecer;robusteço
acocorar;acocoro
apartear;aparteio
besuntar;besunto
compenetrar;compenetro
desempossar;desemposso
desencaixar;desencaixo
desenraizar;desenraízo
embravecer;embraveço
escangalhar;escangalho
introjetar;introjeto
mourejar;mourejo
reaviar;reavio
toldar;toldo
amotinar;amotino
burilar;burilo
democratizar;democratizo
descerrar;descerro
desfigurar;desfiguro
desnaturar;desnaturo
embolsar;embolso
enegrecer;enegreço
enformar;enformo
esfalfar;esfalfo
lagrimejar;lagrimejo
maliciar;malicio
peidorrar;peidorro
sofismar;sofismo
vidrar;vidro
acarar;acaro
baldear;baldeio
cimentar;cimento
crepitar;crepito
degredar;degredo
descolorar;descoloro
desentortar;desentorto
dobar;dobo
emaranhar;emaranho
espinhar;espinho
franquiar;franquio
hierarquizar;hierarquizo
polarizar;polarizo
repuxar;repuxo
romancear;romanceio
amortizar;amortizo
arranchar;arrancho
calcinar;calcino
capear;capeio
cornear;corneio
decantar;decanto
encaracolar;encaracolo
esborrachar;esborracho
esmolar;esmolo
lacerar;lacero
mortificar;mortifico
plasmar;plasmo
refratar;refrato
agudizar;agudizo
apaniguar;apaniguo
chorrar;chorro
destroncar;destronco
encurvar;encurvo
escudar;escudo
perfilhar;perfilho
recondicionar;recondiciono
respigar;respigo
acalorar;acaloro
aforrar;aforro
bruxulear;bruxuleio
cinzar;cinzo
debutar;debuto
embalsamar;embalsamo
empestar;empesto
emporcalhar;emporcalho
enfrear;enfreio
enxertar;enxerto
esgarçar;esgarço
estropiar;estropio
macerar;macero
propelir;propelo
quadruplicar;quadruplico
triar;trio
vincar;vinco
ababelar;ababelo
abatatar;abatato
desabrigar;desabrigo
descoser;descoso
desvairar;desvairo
escorchar;escorcho
malear;maleio
nevoar;nevoo
pejar;pejo
persignar;persigno
pintalgar;pintalgo
sistemar;sistemo
transmudar;transmudo
vindimar;vindimo
britar;brito
comensurar;comensuro
depravar;depravo
desaproximar;desaproximo
desopilar;desopilo
exorar;exoro
flamar;flamo
folear;foleio
galardoar;galardoo
lobrigar;lobrigo
obliquar;obliquo
ombrear;ombreio
prefigurar;prefiguro
vindicar;vindico
açucarar;açucaro
alvitrar;alvitro
capitalizar;capitalizo
confranger;confranjo
credenciar;credencio
desovar;desovo
desterrar;desterro
entalhar;entalho
estratificar;estratifico
farfalhar;farfalho
memorar;memoro
oxigenar;oxigeno
pipilar;pipilo
polemicar;polemico
precluir;precluo
abalançar;abalanço
acalcar;acalco
acarrear;acarreio
caucionar;cauciono
contrabalançar;contrabalanço
decimar;decimo
descorar;descoro
desembainhar;desembainho
despeitar;despeito
destampar;destampo
galantear;galanteio
intercorrer;intercorro
libar;libo
prear;preio
ralear;raleio
reflorescer;refloresço
ribombar;ribombo
abecedar;abecedo
apinhar;apinho
carbonizar;carbonizo
desarticular;desarticulo
desgovernar;desgoverno
desservir;dessirvo
destorcer;destorço
empanar;empano
emprazar;emprazo
esparzir;esparzo
esplender;esplendo
lanhar;lanho
magnetizar;magnetizo
manear;maneio
maturar;maturo
retumbar;retumbo
subscritar;subscrito
aclimatar;aclimato
aporrinhar;aporrinho
arrenegar;arrenego
bronquear;bronqueio
broxar;broxo
encanar;encano
estafar;estafo
flambar;flambo
inabilitar;inabilito
instrumentar;instrumento
madeirar;madeiro
marrar;marro
obtemperar;obtempero
orlar;orlo
pejorar;pejoro
periclitar;periclito
pormenorizar;pormenorizo
prelecionar;preleciono
regaçar;regaço
supliciar;suplicio
televisar;televiso
adormentar;adormento
afincar;afinco
apimentar;apimento
aplanar;aplano
aromatizar;aromatizo
atorar;atoro
azeitar;azeito
desatentar;desatento
detrair;detraio
esturricar;esturrico
homiziar;homizio
lambar;lambo
mesurar;mesuro
preludiar;preludio
restruturar;restruturo
tiritar;tirito
tranar;trano
banzar;banzo
baquear;baqueio
desbastar;desbasto
descamar;descamo
descosturar;descosturo
desembalar;desembalo
enfarar;enfaro
engolfar;engolfo
entrançar;entranço
estrebuchar;estrebucho
humanar;humano
imantar;imanto
juramentar;juramento
manutenir;manuteno
prosternar;prosterno
seccionar;secciono
sementar;semento
remoçar;remoço
adoidar;adoido
desencalhar;desencalho
desencardir;desencardo
desmamar;desmamo
desordenar;desordeno
embuchar;embucho
entenebrar;entenebro
estercar;esterco
expectorar;expectoro
fraternizar;fraternizo
leiloar;leiloo
linguajar;linguajo
negacear;negaceio
reinstalar;reinstalo
rojar;rojo
secionar;seciono
sopitar;sopito
abastardar;abastardo
arreliar;arrelio
chacinar;chacino
decalcar;decalco
departir;departo
desenrascar;desenrasco
desmandar;desmando
despelar;despelo
embrear;embreio
entesar;enteso
gratular;gratulo
parlamentar;parlamento
predeterminar;predetermino
profligar;profligo
rascunhar;rascunho
refluir;refluo
remorar;remoro
tiranizar;tiranizo
vivar;vivo
açambarcar;açambarco
ambular;ambulo
ataviar;atavio
desautorizar;desautorizo
desenfrear;desenfreio
entroncar;entronco
escalpelar;escalpelo
esfomear;esfomeio
nausear;nauseio
recibar;recibo
voluntariar;voluntario
acurar;acuro
adernar;aderno
aferrar;aferro
aferventar;afervento
amadurar;amaduro
arregimentar;arregimento
asir;aso
bolear;boleio
conturbar;conturbo
desassistir;desassisto
disturbar;disturbo
empertigar;empertigo
escarafunchar;escarafuncho
esgoelar;esgoelo
geminar;gemino
intumescer;intumesço
palmear;palmeio
pirocar;piroco
recarregar;recarrego
saracotear;saracoteio
sofrenar;sofreno
tenter;tento
variegar;variego
abar;abo
agastar;agasto
alquilar;alquilo
animalizar;animalizo
apostatar;apostato
assenhorear;assenhoreio
avoar;avoo
bandear;bandeio
comparticipar;comparticipo
compendiar;compendio
confutar;confuto
deblaterar;deblatero
descarrilhar;descarrilho
desembargar;desembargo
desenredar;desenredo
empalhar;empalho
encomiar;encomio
entrevir;entrevenho
mumificar;mumifico
oficiar;oficio
prefaciar;prefacio
puncionar;punciono
tocaiar;tocaio
anuviar;anuvio
arengar;arengo
beatificar;beatifico
endentar;endento
estribar;estribo
manufaturar;manufaturo
obturar;obturo
peinar;peino
perfeiçoar;perfeiçoo
propalar;propalo
requintar;requinto
retinir;retino
secundar;secundo
abandalhar;abandalho
adelgaçar;adelgaço
afadigar;afadigo
afofar;afofo
amimar;amimo
aparafusar;aparafuso
aprestar;apresto
coligar;coligo
degelar;degelo
dejetar;dejeto
desempatar;desempato
destrocar;destroco
eliciar;elicio
fumegar;fumego
impender;impendo
interpolar;interpolo
possear;posseio
propinar;propino
surripiar;surripio
tascar;tasco
abarracar;abarraco
afivelar;afivelo
arrebanhar;arrebanho
arrostar;arrosto
assestar;assesto
avinhar;avinho
baforar;baforo
baloiçar;baloiço
conflagrar;conflagro
derrear;derreio
desavezar;desavezo
desenroscar;desenrosco
embrutecer;embruteço
esmoer;esmoo
infamar;infamo
invectivar;invectivo
lavorar;lavoro
liquidificar;liquidifico
magicar;magico
mandriar;mandrio
superintender;superintendo
vitalizar;vitalizo
achavascar;achavasco
adensar;adenso
ameigar;ameigo
ciar;cio
congraçar;congraço
eletrizar;eletrizo
encargar;encargo
federar;federo
fletir;fleto
intrujar;intrujo
joeirar;joeiro
lactar;lacto
lancear;lanceio
oberar;obero
remarcar;remarco
sazonar;sazono
singrar;singro
sobrenadar;sobrenado
ziguezaguear;ziguezagueio
abicar;abico
arremedar;arremedo
babatar;babato
chupitar;chupito
descargar;descargo
desconversar;desconverso
docilizar;docilizo
espezinhar;espezinho
necropsiar;necropsio
paliar;palio
tactear;tacteio
vergastar;vergasto
fementir;femento
abrasileirar;abrasileiro
debruar;debruo
desauxiliar;desauxilio
desconsertar;desconserto
dessecar;desseco
efluir;efluo
encravar;encravo
enfezar;enfezo
engatilhar;engatilho
ensanguentar;ensanguento
entocar;entoco
equacionar;equaciono
esmar;esmo
esmigalhar;esmigalho
estatelar;estatelo
exprobar;exprobo
imutar;imuto
jeitar;jeito
maldiçoar;maldiçoo
reutilizar;reutilizo
trautear;trauteio
birrar;birro
bombar;bombo
cauterizar;cauterizo
desagregar;desagrego
desinfeccionar;desinfecciono
desparafusar;desparafuso
enfarruscar;enfarrusco
entontecer;entonteço
explotar;exploto
exuberar;exubero
flectir;flecto
granar;grano
imprecar;impreco
juncar;junco
lambear;lambeio
maneirar;maneiro
massificar;massifico
papaguear;papagueio
solfejar;solfejo
torpedear;torpedeio
acaber;acabo
acochar;acocho
afunilar;afunilo
aligeirar;aligeiro
amiudar;amiúdo
aromar;aromo
betar;beto
colimar;colimo
defumar;defumo
desalinhar;desalinho
encilhar;encilho
enrodilhar;enrodilho
esfumaçar;esfumaço
flautar;flauto
futricar;futrico
gorgolejar;gorgolejo
guindar;guindo
pagodear;pagodeio
parcelar;parcelo
pavonear;pavoneio
seviciar;sevicio
tratear;trateio
apossar;aposso
atarefar;atarefo
cachimbar;cachimbo
colear;coleio
crestar;cresto
desapaixonar;desapaixono
desnaturalizar;desnaturalizo
embelecer;embeleço
empoar;empoo
enrustir;enrusto
escafeder;escafedo
florar;floro
focinhar;focinho
gabaritar;gabarito
necrosar;necroso
paramentar;paramento
prodigalizar;prodigalizo
sublevar;sublevo
tunar;tuno
universalizar;universalizo
apalavrar;apalavro
apupar;apupo
atrapar;atrapo
auditar;audito
bolsar;bolso
chamuscar;chamusco
embaciar;embacio
embirar;embiro
enodoar;enodoo
entesourar;entesouro
obsecrar;obsecro
peruar;peruo
preordenar;preordeno
propulsionar;propulsiono
reocupar;reocupo
ressabiar;ressabio
transumar;transumo
vidar;vido
abandar;abando
acrisolar;acrisolo
agrilhoar;agrilhoo
antar;anto
asilar;asilo
desemparar;desemparo
desencostar;desencosto
esporar;esporo
expatriar;expatrio
gafar;gafo
gradear;gradeio
incrustar;incrusto
inumar;inumo
laquear;laqueio
mamparrear;mamparreio
marar;maro
mungir;munjo
musicar;musico
parolar;parolo
reganhar;reganho
regougar;regougo
sulcar;sulco
superabundar;superabundo
superlotar;superloto
transliterar;translitero
abiscoitar;abiscoito
achamboar;achamboo
altercar;alterco
aquebrantar;aquebranto
auspiciar;auspicio
bifurcar;bifurco
bumbar;bumbo
chacotear;chacoteio
coitar;coito
crocitar;crocito
desacertar;desacerto
desanuviar;desanuvio
desemaranhar;desemaranho
desengatar;desengato
desesperançar;desesperanço
eduzir;eduzo
embasbacar;embasbaco
encasquetar;encasqueto
fumigar;fumigo
maridar;marido
premunir;premuno
protagonizar;protagonizo
remessar;remesso
repontar;reponto
ripar;ripo
solevar;solevo
tonificar;tonifico
truncar;trunco
abobar;abobo
abocar;aboco
activar;activo
alumbrar;alumbro
amigar;amigo
apodar;apodo
cachar;cacho
coleccionar;colecciono
comburir;comburo
contornear;contorneio
descarar;descaro
destapar;destapo
ensamblar;ensamblo
esgravatar;esgravato
festar;festo
frenar;freno
infelicitar;infelicito
lajear;lajeio
marombar;marombo
medicamentar;medicamento
perorar;peroro
recambiar;recambio
ulcerar;ulcero
abendiçoar;abendiçoo
absterger;absterjo
acavalar;acavalo
acotovelar;acotovelo
alapar;alapo
anarquizar;anarquizo
atabalhoar;atabalhoo
avassalar;avassalo
boquejar;boquejo
circuitar;circuito
climatizar;climatizo
deputar;deputo
desarranjar;desarranjo
dissidiar;dissidio
encampar;encampo
engabelar;engabelo
engambelar;engambelo
enlamear;enlameio
entrevar;entrevo
esbagaçar;esbagaço
everter;everto
fidelizar;fidelizo
flanquear;flanqueio
gessar;gesso
ilibar;ilibo
imigrar;imigro
infecionar;infeciono
maniatar;maniato
palear;paleio
papagaiar;papagaio
prefixar;prefixo
rastear;rasteio
reedificar;reedifico
sapear;sapeio
substantivar;substantivo
vaporizar;vaporizo
aspear;aspeio
atroar;atroo
bostar;bosto
carear;careio
celebrizar;celebrizo
compactuar;compactuo
corrugar;corrugo
desagravar;desagravo
descordar;descordo
empapar;empapo
empoçar;empoço
estandardizar;estandardizo
estiolar;estiolo
estontear;estonteio
estrompar;estrompo
estrondear;estrondeio
flautear;flauteio
gazetear;gazeteio
intervalar;intervalo
litigiar;litigio
manietar;manieto
metrificar;metrifico
minuciar;minucio
obdurar;obduro
pespegar;pespego
reptar;repto
retrasar;retraso
sarrar;sarro
tisnar;tisno
trepidar;trepido
adereçar;adereço
aninar;anino
bacharelar;bacharelo
bifar;bifo
capengar;capengo
carpar;carpo
chantar;chanto
depenicar;depenico
desenferrujar;desenferrujo
despoluir;despoluo
desquitar;desquito
destecer;desteço
dorir;doro
emascular;emasculo
enlutar;enluto
espigar;espigo
estanciar;estancio
exfoliar;exfolio
honestar;honesto
lampejar;lampejo
manquejar;manquejo
negrejar;negrejo
papocar;papoco
peguntar;pegunto
poitar;poito
preestabelecer;preestabeleço
prelibar;prelibo
rascar;rasco
refundir;refundo
repintar;repinto
retrotrair;retrotraio
roxear;roxeio
solenizar;solenizo
soutar;souto
substanciar;substancio
tamponar;tampono
assalariar;assalario
assoberbar;assoberbo
atilar;atilo
azafamar;azafamo
benquerer;benquero
calibrar;calibro
cambar;cambo
cartear;carteio
dardejar;dardejo
desamamentar;desamamento
desavinhar;desavinho
desencavar;desencavo
desincumbir;desincumbo
embatucar;embatuco
embromar;embromo
encafuar;encafuo
encrespar;encrespo
esgaravatar;esgaravato
estocar;estoco
fraquear;fraqueio
garfar;garfo
jugular;jugulo
letificar;letifico
lorotar;loroto
minerar;minero
namoricar;namorico
patetar;pateto
rivalizar;rivalizo
sindicalizar;sindicalizo
acidar;acido
adolescer;adolesço
agulhar;agulho
alcovitar;alcovito
amolgar;amolgo
arruar;arruo
atulhar;atulho
briquitar;briquito
congestionar;congestiono
desajudar;desajudo
desarvorar;desarvoro
desguarnecer;desguarneço
esbugalhar;esbugalho
malbaratar;malbarato
mordicar;mordico
pocar;poco
tufar;tufo
vaziar;vazio
amarfanhar;amarfanho
arborizar;arborizo
clausurar;clausuro
cortinar;cortino
desalentar;desalento
doidejar;doidejo
drapejar;drapejo
enfurnar;enfurno
escarnar;escarno
especar;especo
esplandecer;esplandeço
grelhar;grelho
lancinar;lancino
palavrear;palavreio
peculiarizar;peculiarizo
provisionar;provisiono
recrescer;recresço
remanchar;remancho
abaetar;abaeto
amaçar;amaço
amurar;amuro
arreganhar;arreganho
desnutrir;desnutro
